Date,Expense Type,,Expense area,Supplier,,Transaction,amount
30/09/2020,Hcare Srv Rec Fdtn Trust-Contract Baseline,ACUTE COMMISSIONING,,,,33950217,"-1,334,963.83"
30/09/2020,Hcare Srv Rec Fdtn Trust-Contract Baseline,ACUTE COMMISSIONING,,,,33950219,"-1,160,321.12"
30/09/2020,Hcare Srv Rec Fdtn Trust-Contract Baseline,ACUTE COMMISSIONING,,,,33950214,"-1,157,572.12"
30/09/2020,Hcare Srv Rec Fdtn Trust-Contract Baseline,ACUTE COMMISSIONING,,,,33950207,"-340,095.98"
30/09/2020,Service Charge,RECHARGES NHS PROPERTY SERVICES LTD,,,,33767590,"-296,681.33"
30/09/2020,Service Charge,RECHARGES NHS PROPERTY SERVICES LTD,,,,33767600,"-296,681.33"
30/09/2020,Service Charge,RECHARGES NHS PROPERTY SERVICES LTD,,,,33767776,"-247,234.44"
30/09/2020,Service Charge,RECHARGES NHS PROPERTY SERVICES LTD,,,,33767798,"-247,234.44"
30/09/2020,Clinical&Medical-Commercial Sector,COMMUNITY SERVICES,OPTEGRA UK LTD,,,33915408,"-185,395.72"
30/09/2020,Clinical&Medical-Commercial Sector,NCAS/OATS,INHEALTH LTD,,,33736570,"-149,105.46"
30/09/2020,Clinical&Medical-Commercial Sector,ACUTE COMMISSIONING,INHEALTH LTD,,,33736582,"-149,105.46"
30/09/2020,Clinical&Medical-Commercial Sector,NCAS/OATS,INHEALTH LTD,,,33736567,"-145,932.37"
30/09/2020,Clinical&Medical-Commercial Sector,NCAS/OATS,INHEALTH LTD,,,33736580,"-145,932.37"
30/09/2020,Clinical&Medical-Commercial Sector,NCAS/OATS,INHEALTH LTD,,,33736590,"-145,932.37"
30/09/2020,Clinical&Medical-Commercial Sector,COMMUNITY SERVICES,OPTEGRA UK LTD,,,33915401,"-143,019.52"
30/09/2020,Hcare Srv Rec Fdtn Trust-Prior Year,ACUTE COMMISSIONING,,,,33736394,"-135,679.09"
30/09/2020,Clinical&Medical-Commercial Sector,NCAS/OATS,INHEALTH LTD,,,33736577,"-122,620.38"
30/09/2020,Clinical&Medical-Commercial Sector,NCAS/OATS,INHEALTH LTD,,,33736584,"-122,620.38"
30/09/2020,Clinical&Medical-Commercial Sector,NCAS/OATS,INHEALTH LTD,,,33736586,"-122,620.38"
30/09/2020,Hcare Srv Rec Fdtn Trust-Contract Baseline,ACUTE COMMISSIONING,,,,33949994,"-118,936.07"
30/09/2020,Training Materials,GP FORWARD VIEW,,AT MEDICS LTD,,33819332,"-107,500.00"
30/09/2020,Training Materials,GP FORWARD VIEW,,AT MEDICS LTD,,33819333,"-107,500.00"
30/09/2020,Hcare Srv Rec Fdtn Trust-Contract Baseline,ACUTE COMMISSIONING,,,,33950202,"-105,170.56"
30/09/2020,Hcare Srv Rec Fdtn Trust-Prior Year,ACUTE COMMISSIONING,,,,33949953,"-89,375.72"
30/09/2020,"Performance
Hcare Srv Rec Fdtn Trust-Contract Baseline",ACUTE COMMISSIONING,,,,33736440,"-76,646.00"
30/09/2020,Clinical&Medical-Commercial Sector,NCAS/OATS,INHEALTH LTD,,,33736579,"-71,935.36"
30/09/2020,Clinical&Medical-Commercial Sector,NCAS/OATS,INHEALTH LTD,,,33736589,"-71,935.36"
30/09/2020,Clinical&Medical-Commercial Sector,NCAS/OATS,INHEALTH LTD,,,33736594,"-71,935.36"
30/09/2020,Clinical&Medical-Commercial Sector,NCAS/OATS,INHEALTH LTD,,,33736573,"-69,466.08"
30/09/2020,Clinical&Medical-Commercial Sector,NCAS/OATS,INHEALTH LTD,,,33736575,"-69,466.08"
30/09/2020,Clinical&Medical-Commercial Sector,NCAS/OATS,INHEALTH LTD,,,33736592,"-69,466.08"
30/09/2020,Hcare Srv Rec Fdtn Trust-Over/ Under,ACUTE COMMISSIONING,,,,33928824,"-67,621.00"
30/09/2020,Hcare Srv Rec Fdtn Trust-Non Contract,ACUTE COMMISSIONING,,,,33950067,"-55,560.60"
30/09/2020,Hcare Srv Rec Fdtn Trust-Prior Year,ACUTE COMMISSIONING,,,,33949966,"-54,824.48"
30/09/2020,Hcare Srv Rec Fdtn Trust-Prior Year,ACUTE COMMISSIONING,,,,33898076,"-48,829.16"
30/09/2020,ME-GMS GP Pension EEs,PRC DELEGATED CO-COMMISSIONING,PRIMROSE HILL SURGERY,,,34004730,"-45,724.26"
30/09/2020,Hcare Srv Rec Fdtn Trust-Prior Year,ACUTE COMMISSIONING,,,,33898090,"-44,309.64"
30/09/2020,ME-GMS GP Pension ERs Adjustments,PRC DELEGATED CO-COMMISSIONING,PRIMROSE HILL SURGERY,,,34004730,"-43,090.32"
30/09/2020,Hcare Srv Rec Fdtn Trust-Contract Baseline,ACUTE COMMISSIONING,,,,33915370,"-41,215.30"
30/09/2020,Hcare Srv Rec Fdtn Trust-Non Contract,ACUTE COMMISSIONING,,,,33899355,"-40,477.34"
30/09/2020,"Performance
Hcare Srv Rec Fdtn Trust-Prior Year",ACUTE COMMISSIONING,,,,33898051,"-39,897.12"
30/09/2020,Hcare Srv Rec Fdtn Trust-Contract Baseline,ACUTE COMMISSIONING,,,,33915374,"-38,579.14"
30/09/2020,C&M-GMS PCN DES Participation,,,,,33999848,"-36,057.99"
30/09/2020,Hcare Srv Rec Fdtn Trust-Prior Year,ACUTE COMMISSIONING,,,,33897986,"-35,408.18"
30/09/2020,C&M-GMS PCN DES Participation,PRC DELEGATED CO-COMMISSIONING,,,,34004714,"-35,107.61"
30/09/2020,C&M-GMS PCN DES Participation,,,,,34004740,"-32,563.95"
30/09/2020,Hcare Srv Rec Fdtn Trust-Over/ Under,ACUTE COMMISSIONING,,,,33736421,"-31,635.11"
30/09/2020,C&M-PMS PCN DES Participation,,,HIGHGATE GROUP PRACTICE,,33842516,"-25,240.20"
30/09/2020,C&M-GMS PCN DES Participation,PRC DELEGATED CO-COMMISSIONING,,,,34004698,"-23,953.69"
30/09/2020,C&M-GMS PCN DES Participation,,,AMWELL PRACTICE,,34004681,"-18,296.44"
30/09/2020,ME-PMS GP Pension ERs Adjs - PMS,,,HIGHGATE GROUP PRACTICE,,33842516,"-15,645.83"
30/09/2020,ME-PMS GP Pension EEs-PMS,,,HIGHGATE GROUP PRACTICE,,33842516,"-14,686.73"
30/09/2020,ME-PMS GP Pension ERs Adjs - PMS,,,HAMPSTEAD GROUP PRACTICE,,33820408,"-14,214.93"
30/09/2020,ME-GMS GP Pension ERs Adjustments,,,,,33999848,"-12,963.72"
30/09/2020,ME-GMS GP Pension EEs,,,,,33999848,"-11,645.56"
30/09/2020,ME-GMS GP Pension ERs Adjustments,PRC DELEGATED CO-COMMISSIONING,,,,34004714,"-10,015.03"
30/09/2020,ME-GMS GP Pension EEs,PRC DELEGATED CO-COMMISSIONING,,,,34004714,"-9,912.87"
30/09/2020,ME-PMS GP Pension EEs-PMS,,,HAMPSTEAD GROUP PRACTICE,,33820408,"-9,742.26"
30/09/2020,C&M-PMS PCN DES Clin Pharmacist,,,HAMPSTEAD GROUP PRACTICE,,33820408,"-8,350.51"
30/09/2020,Statutory Mat Pay < 1 yr,BALANCE SHEET,,HMRC,,33891386,"-6,569.65"
30/09/2020,ME-GMS GP Pension ERs Adjustments,PRC DELEGATED CO-COMMISSIONING,,,,34004698,"-6,278.31"
30/09/2020,C&M-PMS PCN DES Soc Prescribing,,,HAMPSTEAD GROUP PRACTICE,,33820408,"-5,685.50"
30/09/2020,ME-GMS GP Pension EEs,PRC DELEGATED CO-COMMISSIONING,,,,34004698,"-5,333.76"
30/09/2020,ME-GMS GP Pension ERs Adjustments,,,,,34004740,"-5,234.40"
30/09/2020,ME-GMS GP Pension EEs,,,,,34004740,"-5,104.99"
30/09/2020,ME-GMS GP Pension ERs Adjustments,,,AMWELL PRACTICE,,34004681,"-4,896.37"
30/09/2020,ME-GMS GP Pension EEs,,,AMWELL PRACTICE,,34004681,"-4,141.84"
30/09/2020,ME-PMS GP Prior Year EEs,,,HIGHGATE GROUP PRACTICE,,33842516,"-3,919.83"
30/09/2020,ME-PMS GP Prior Year EEs,,,HAMPSTEAD GROUP PRACTICE,,33820408,"-3,496.82"
30/09/2020,ME - PMS GP Prior Year ERs,,,HAMPSTEAD GROUP PRACTICE,,33820408,"-3,383.24"
30/09/2020,ME-GMS GP Prior Year EEs,,,AMWELL PRACTICE,,34004681,"-3,320.75"
30/09/2020,ME - PMS GP Prior Year ERs,,,HIGHGATE GROUP PRACTICE,,33842516,"-2,931.14"
30/09/2020,ME-PMS GP Pension EEs Adjs - PMS,,,HAMPSTEAD GROUP PRACTICE,,33820408,"-2,522.23"
30/09/2020,ME - GMS GP Prior Year ERs,,,AMWELL PRACTICE,,34004681,"-2,181.65"
30/09/2020,ME-GMS GP Prior Year AVCs,,,AMWELL PRACTICE,,34004681,"-2,146.48"
30/09/2020,ME - PMS TPS Added Years Adj EEs,,,HIGHGATE GROUP PRACTICE,,33842516,"-1,259.13"
30/09/2020,ME - PMS TPS Added Years Adj EEs,,,HAMPSTEAD GROUP PRACTICE,,33820408,-539.5
30/09/2020,ME - GMS TPS Added Years Adj EEs,,,AMWELL PRACTICE,,34004681,-481.62
30/09/2020,C&M-PMS Prem Clinical Waste,,,ARCHWAY PRIMARY CARE TEAM,,33820397,8.16
30/09/2020,C&M-GMS Prof Fees Prescribing,,,RIDGMOUNT PRACTICE,,34004764,9.21
30/09/2020,C&M-PMS Prem Water Rates,PRC DELEGATED CO-COMMISSIONING,CHESHIRE ROAD SURGERY,,,33855232,17.02
30/09/2020,C&M-GMS Prof Fees Prescribing,,,,,34004713,20.73
30/09/2020,C&M-GMS Prem Water Rates,PRC DELEGATED CO-COMMISSIONING,CHURCH HOUSE SURGERY,,,34004585,22.75
30/09/2020,C&M-GMS Prof Fees Prescribing,PRC DELEGATED CO-COMMISSIONING,ISAACSON & PARTNERS,,,34004540,23.03
30/09/2020,C&M-GMS Prem Clinical Waste,PRC DELEGATED CO-COMMISSIONING,CHURCH HOUSE SURGERY,,,34004585,26.1
30/09/2020,C&M-GMS Prof Fees Prescribing,PRC DELEGATED CO-COMMISSIONING,,,,33999810,27.64
30/09/2020,C&M-GMS Prof Fees Prescribing,PRC DELEGATED CO-COMMISSIONING,,,,34004554,29.94
30/09/2020,C&M-GMS Prof Fees Prescribing,,,RISE GROUP PRACTICE,,34004739,29.94
30/09/2020,C&M-GMS Cost of Drugs -Prescribing,,,RIDGMOUNT PRACTICE,,34004764,34.77
30/09/2020,C&M-PMS Prem Water Rates,,,HOLBORN MEDICAL CENTRE,,33820417,37.51
30/09/2020,C&M-GMS Prof Fees Prescribing,PRC DELEGATED CO-COMMISSIONING,,,,34004559,39.16
30/09/2020,C&M-GMS Cost of Drugs -Prescribing,LOCAL ENHANCED SERVICES,ISAACSON & PARTNERS,,,34004540,40.56
30/09/2020,C&M-GMS Prof Fees Prescribing,PRC DELEGATED CO-COMMISSIONING,,,,34004526,46.06
30/09/2020,C&M-PMS Prem Water Rates,,,ARCHWAY PRIMARY CARE TEAM,,33820397,46.18
30/09/2020,C&M-GMS Prof Fees Prescribing,,,ARCADIAN GARDENS,,33999800,50.67
30/09/2020,C&M-GMS Prem Water Rates,PRC DELEGATED CO-COMMISSIONING,,,,34004695,56.58
30/09/2020,C&M-GMS Prof Fees Prescribing,PRC DELEGATED CO-COMMISSIONING,,,,34004699,62.19
30/09/2020,C&M-GMS Prof Fees Prescribing,PRC DELEGATED CO-COMMISSIONING,CHURCH HOUSE SURGERY,,,34004585,64.48
30/09/2020,C&M-GMS Prof Fees Prescribing,,,HIGHLANDS PRACTICE,,33999833,76
30/09/2020,C&M-GMS Prem Water Rates,,,ANDOVER MEDICAL CENTRE,,34004684,76.86
30/09/2020,C&M-GMS Prof Fees Prescribing,PRC DELEGATED CO-COMMISSIONING,,,,34004557,78.3
30/09/2020,C&M-GMS Prem Water Rates,PRC DELEGATED CO-COMMISSIONING,ISAACSON & PARTNERS,,,34004540,78.62
30/09/2020,C&M-GMS Prof Fees Prescribing,,,,,34004688,85.22
30/09/2020,C&M-GMS Cost of Drugs -Prescribing,,,,,34004713,87.01
30/09/2020,C&M-GMS Prof Fees Prescribing,,,AMWELL PRACTICE,,34004682,87.52
30/09/2020,C&M-GMS Prof Fees Prescribing,PRC DELEGATED CO-COMMISSIONING,PAINTER & PARTNERS,,,34004558,99.03
30/09/2020,C&M-GMS Cost of Drugs -Prescribing,LOCAL ENHANCED SERVICES,,,,34004526,102.67
30/09/2020,ME - PMS GP Prior Year ERs,,,HOLBORN MEDICAL CENTRE,,33820417,106.11
30/09/2020,C&M-GMS Prem Water Rates,PRC DELEGATED CO-COMMISSIONING,,,,34023307,108.93
30/09/2020,C&M-GMS Prof Fees Prescribing,,,S PRASAD,,34004562,110.54
30/09/2020,C&M-GMS Cost of Drugs -Prescribing,,,S PRASAD,,34004562,110.62
30/09/2020,C&M-GMS Prem Water Rates,,,AMWELL PRACTICE,,34004682,115.64
30/09/2020,C&M-GMS Prof Fees Prescribing,,,ANDOVER MEDICAL CENTRE,,34004684,122.06
30/09/2020,C&M-GMS Prem Water Rates,,,,,34023327,122.67
30/09/2020,C&M-GMS Prof Fees Prescribing,,,ADLER & ROSENBERG,,34004523,131.27
30/09/2020,C&M-GMS Prof Fees Prescribing,,,AMPTHILL PRACTICE,,34004680,140.48
30/09/2020,Post Graduate Loan Payable,BALANCE SHEET,,HMRC,,33891386,142
30/09/2020,C&M-GMS Prof Fees Prescribing,PRC DELEGATED CO-COMMISSIONING,,,,34023342,145.1
30/09/2020,C&M-GMS Cost of Drugs -Prescribing,LOCAL ENHANCED SERVICES,,,,34004557,146.56
30/09/2020,C&M-GMS Prem Clinical Waste,,,,,34023327,154.92
30/09/2020,ME-GMS GP Prior Year EEs,,,,,34023327,160.6
30/09/2020,C&M-GMS Cost of Drugs -Prescribing,,,HIGHLANDS PRACTICE,,33999833,165.88
30/09/2020,ME-PMS GP Prior Year EEs,PRC DELEGATED CO-COMMISSIONING,,,,33819804,177.58
30/09/2020,ME - GMS GP Prior Year ERs,,,,,34023327,184.75
30/09/2020,C&M-GMS Cost of Drugs -Prescribing,,,RISE GROUP PRACTICE,,34004739,190.97
30/09/2020,ME - PMS GP Prior Year ERs,PRC DELEGATED CO-COMMISSIONING,,,,33819804,204.29
30/09/2020,C&M-GMS Cost of Drugs -Prescribing,LOCAL ENHANCED SERVICES,,,,33999810,234.25
30/09/2020,C&M-APMS List Size Adjustment,PRC DELEGATED CO-COMMISSIONING,HURLEY CLINIC,,,33820446,248.46
30/09/2020,C&M-GMS Cost of Drugs -Prescribing,,,ANDOVER MEDICAL CENTRE,,34004684,264.59
30/09/2020,ME-PMS GP Pension EEs-PMS,PRC DELEGATED CO-COMMISSIONING,,,,33855229,289.33
30/09/2020,C&M-GMS Prem Water Rates,PRC DELEGATED CO-COMMISSIONING,PAINTER & PARTNERS,,,34004558,302.49
30/09/2020,C&M-GMS Cost of Drugs -Prescribing,,,AMWELL PRACTICE,,34004682,351.76
30/09/2020,C&M-GMS PCO Other,PRC DELEGATED CO-COMMISSIONING,ISAACSON & PARTNERS,,,34004540,360.2
30/09/2020,C&M-PMS Prem Water Rates,PRC DELEGATED CO-COMMISSIONING,,,,33855243,366.38
30/09/2020,C&M-GMS Cost of Drugs -Prescribing,LOCAL ENHANCED SERVICES,CHURCH HOUSE SURGERY,,,34004585,368.17
30/09/2020,C&M-GMS PCO Other,PRC DELEGATED CO-COMMISSIONING,CHURCH HOUSE SURGERY,,,34004585,380.5
30/09/2020,C&M-PMS DES Learn Dsblty Hlth Chk,,,RAINBOW PRACTICE,,33855242,420
30/09/2020,C&M-PMS PCN DES Participation,PRC DELEGATED CO-COMMISSIONING,,,,33820406,450.92
30/09/2020,C&M-GMS Cost of Drugs -Prescribing,,,,,34004688,494.52
30/09/2020,C&M-PMS PCN DES Participation,,,HODFORD ROAD SURGERY,,33819817,498.23
30/09/2020,C&M-GMS Cost of Drugs -Prescribing,LOCAL ENHANCED SERVICES,,,,34004559,510.26
30/09/2020,Cont Care-FNC Client Continence Allow,FUNDED NURSING CARE,,,,33928862,513.64
30/09/2020,Professional Fees,RECHARGES NHS PROPERTY SERVICES LTD,NORTH LONDON ESTATE PARTNERSHIPS LTD,34020483,"34,650.00",839829175,518
30/09/2020,C&M-GMS Cost of Drugs -Prescribing,LOCAL ENHANCED SERVICES,PAINTER & PARTNERS,,,34004558,610.22
30/09/2020,C&M-GMS Cost of Drugs -Prescribing,LOCAL ENHANCED SERVICES,,,,34004699,616.27
30/09/2020,C&M-GMS PCN DES Participation,PRC DELEGATED CO-COMMISSIONING,CONNAUGHT SURGERY,,,34023305,637.24
30/09/2020,C&M-PMS PCO Other,,,,,33819829,674.4
30/09/2020,C&M-PMS PCN DES Participation,,,,,33819829,698.8
30/09/2020,C&M-GMS PCN DES Participation,PRC DELEGATED CO-COMMISSIONING,,,,34023325,702.19
30/09/2020,C&M-GMS PCN DES Participation,PRC DELEGATED CO-COMMISSIONING,ISAACSON & PARTNERS,,,34004540,717.56
30/09/2020,C&M-GMS PCN DES Participation,,,S PRASAD,,34004562,724.84
30/09/2020,C&M-GMS PCN DES Participation,PRC DELEGATED CO-COMMISSIONING,,,,34023307,728.42
30/09/2020,C&M-GMS PCN DES Participation,,,ADLER & ROSENBERG,,34004523,737.7
30/09/2020,C&M-PMS PCO Other,,,HOLBORN MEDICAL CENTRE,,33820417,738.7
30/09/2020,C&M-GMS Cost of Drugs -Prescribing,,,ADLER & ROSENBERG,,34004523,743.27
30/09/2020,C&M-PMS PCN DES Participation,PRC DELEGATED CO-COMMISSIONING,,,,33819804,755.15
30/09/2020,C&M-GMS PCO Other,PRC DELEGATED CO-COMMISSIONING,,,,34023304,758.1
30/09/2020,C&M-GMS Prem Rates,PRC DELEGATED CO-COMMISSIONING,CHURCH HOUSE SURGERY,,,34004585,761.17
30/09/2020,C&M-GMS Prem Rates,,,ANDOVER MEDICAL CENTRE,,34004684,770.36
30/09/2020,C&M-PMS PCN DES Participation,,,ARNOS GROVE MEDICAL CENTRE,,33855260,793.48
30/09/2020,C&M-GMS PCN DES Participation,PRC DELEGATED CO-COMMISSIONING,,,,34004526,798.8
30/09/2020,C&M-GMS PCN DES Participation,PRC DELEGATED CO-COMMISSIONING,CHURCH HOUSE SURGERY,,,34004585,819.95
30/09/2020,C&M-PMS PCN DES Participation,,,RAINBOW PRACTICE,,33855242,825.75
30/09/2020,C&M-GMS Other Addtl Staff Paymts,PRC DELEGATED CO-COMMISSIONING,,,,34023342,832.53
30/09/2020,C&M-PMS DES Learn Dsblty Hlth Chk,,,ARNOS GROVE MEDICAL CENTRE,,33855260,840
30/09/2020,C&M-GMS Prof Fees Prescribing,,,,,34004686,842.89
30/09/2020,C&M-GMS Cost of Drugs -Prescribing,,,AMPTHILL PRACTICE,,34004680,852.18
30/09/2020,C&M-PMS Additional Staff Payments,,,RUTLAND HOUSE,,33842525,911.1
30/09/2020,C&M-GMS PCN DES Participation,PRC DELEGATED CO-COMMISSIONING,,,,33999810,932.63
30/09/2020,C&M-PMS PCN DES Participation,,,,,33820438,938.69
30/09/2020,C&M-PMS Prem Rates,PRC DELEGATED CO-COMMISSIONING,,,,33855243,943.3
30/09/2020,C&M-GMS PCN DES Participation,PRC DELEGATED CO-COMMISSIONING,PINTO & PARTNERS,,,34023347,954.49
30/09/2020,C&M-GMS Prem Rates,PRC DELEGATED CO-COMMISSIONING,,,,34023307,956.42
30/09/2020,C&M-PMS PCN DES Participation,PRC DELEGATED CO-COMMISSIONING,,,,33855243,962.31
30/09/2020,C&M-PMS DES Learn Dsblty Hlth Chk,PRC DELEGATED CO-COMMISSIONING,,,,33855243,980
30/09/2020,C&M-PMS Prem Rates,,,ABERNETHY HOUSE,,33855261,990.47
30/09/2020,C&M-GMS Cost of Drugs -Prescribing,LOCAL ENHANCED SERVICES,,,,34023342,990.87
30/09/2020,C&M-PMS PCO Congestion charge,,,HOLBORN MEDICAL CENTRE,,33820417,"1,001.50"
30/09/2020,C&M-PMS Prem Rates,PRC DELEGATED CO-COMMISSIONING,CHESHIRE ROAD SURGERY,,,33855232,"1,021.91"
30/09/2020,C&M-PMS PCN DES Participation,PRC DELEGATED CO-COMMISSIONING,CLAASSEN & PARTNER,,,33819802,"1,048.19"
30/09/2020,C&M-GMS PCN DES Participation,,,,,34023352,"1,054.81"
30/09/2020,C&M-GMS PCO Doctors Ret Scheme,PRC DELEGATED CO-COMMISSIONING,,,,34004554,"1,076.88"
30/09/2020,C&M-PMS PCN DES Participation,,,HEATHFIELDS,,33819815,"1,079.28"
30/09/2020,C&M-PMS PCN DES Participation,PRC DELEGATED CO-COMMISSIONING,,,,33820403,"1,080.41"
30/09/2020,C&M-GMS PCN DES Participation,,,HENDON WAY SURGERY,,34004577,"1,087.04"
30/09/2020,C&M-PMS PCN DES Participation,PRC DELEGATED CO-COMMISSIONING,PARK END SURGERY,,,33820432,"1,100.19"
30/09/2020,C&M-APMS List Size Adjustment,PRC DELEGATED CO-COMMISSIONING,,,,33855229,"1,109.05"
30/09/2020,C&M-GMS PCN DES Participation,,,PRIMROSE HILL SURGERY,,34004731,"1,110.20"
30/09/2020,C&M-PMS PCN DES Participation,,,RILEY HOUSE SURGERY,,33855241,"1,117.19"
30/09/2020,C&M-GMS DES Learn Dsblty Hlth Chk,PRC DELEGATED CO-COMMISSIONING,,,,34023325,"1,120.00"
30/09/2020,C&M-PMS PCN DES Participation,PRC DELEGATED CO-COMMISSIONING,,,,33820436,"1,164.12"
30/09/2020,C&M-GMS PCN DES Participation,PRC DELEGATED CO-COMMISSIONING,,,,34023323,"1,167.20"
30/09/2020,C&M-GMS Prem Rates,PRC DELEGATED CO-COMMISSIONING,ISAACSON & PARTNERS,,,34004540,"1,174.73"
30/09/2020,C&M-GMS Cost of Drugs -Prescribing,LOCAL ENHANCED SERVICES,,,,34004554,"1,197.02"
30/09/2020,C&M-GMS Prem Rates,PRC DELEGATED CO-COMMISSIONING,,,,33999810,"1,205.92"
30/09/2020,C&M-GMS PCN DES Participation,PRC DELEGATED CO-COMMISSIONING,,,,34004557,"1,236.10"
30/09/2020,C&M-PMS Prem Rates,,,ARCHWAY PRIMARY CARE TEAM,,33820397,"1,237.10"
30/09/2020,C&M-GMS Prem Rates,,,ADLER & ROSENBERG,,34004523,"1,247.50"
30/09/2020,C&M-PMS DES Learn Dsblty Hlth Chk,,,ANGEL SURGERY,,33855262,"1,260.00"
30/09/2020,C&M-PMS Prem Rates,,,HODFORD ROAD SURGERY,,33819817,"1,278.69"
30/09/2020,C&M-PMS Prem Rates,,,,,33820438,"1,278.69"
30/09/2020,C&M-GMS PCN DES Participation,,,AMPTHILL PRACTICE,,34004680,"1,293.15"
30/09/2020,C&M-GMS PCN DES Participation,PRC DELEGATED CO-COMMISSIONING,,,,34004559,"1,300.41"
30/09/2020,C&M-GMS PCN DES Participation,PRC DELEGATED CO-COMMISSIONING,,,,34004554,"1,304.89"
30/09/2020,C&M-GMS Cost of Drugs -Prescribing,,,ARCADIAN GARDENS,,33999800,"1,328.60"
30/09/2020,C&M-APMS PCN DES Participation,PRC DELEGATED CO-COMMISSIONING,,,,33855229,"1,344.59"
30/09/2020,C&M-GMS PCN DES Participation,PRC DELEGATED CO-COMMISSIONING,PAINTER & PARTNERS,,,34004558,"1,355.99"
30/09/2020,C&M-PMS Prem Rates,,,HAMPSTEAD GROUP PRACTICE,,33820410,"1,359.75"
30/09/2020,C&M-PMS PCN DES Participation,,,PRINCE OF WALES ROAD,,33842242,"1,390.30"
30/09/2020,C&M-GMS Prem Water Rates,PRC DELEGATED CO-COMMISSIONING,,,,34023342,"1,416.19"
30/09/2020,C&M-GMS QOF Aspiration,PRC DELEGATED CO-COMMISSIONING,,,,34023304,"1,422.48"
30/09/2020,ME-GMS GP Pension EEs Adjustments,,,AMPTHILL PRACTICE,,34004680,"1,426.00"
30/09/2020,C&M-PMS Prem Rates,PRC DELEGATED CO-COMMISSIONING,,,,33820403,"1,445.02"
30/09/2020,C&M-GMS PCN DES Participation,,,HIGHLANDS PRACTICE,,33999833,"1,477.30"
30/09/2020,C&M-PMS PCN DES Participation,,,,,33855248,"1,478.32"
30/09/2020,C&M-GMS PCN DES Invest & impact,,,,,34023327,"1,482.59"
30/09/2020,C&M-GMS PCN DES Invest & impact,PRC DELEGATED CO-COMMISSIONING,DR AKUNJEE,,,33999814,"1,524.15"
30/09/2020,C&M-PMS Prem Rates,,,RUTLAND HOUSE,,33842525,"1,548.98"
30/09/2020,C&M-GMS PCN DES Invest & impact,,,PRIMROSE HILL SURGERY,,34004731,"1,568.50"
30/09/2020,C&M-GMS Prem Rates,,,,,34004688,"1,580.17"
30/09/2020,C&M-PMS PCN DES Invest & impact,,,HOLBORN MEDICAL CENTRE,,33820417,"1,584.89"
30/09/2020,C&M-GMS Prem Rates,PRC DELEGATED CO-COMMISSIONING,PAINTER & PARTNERS,,,34004558,"1,663.33"
30/09/2020,C&M-PMS PCN DES Participation,,,ANGEL SURGERY,,33855262,"1,669.74"
30/09/2020,C&M-PMS PCN DES Invest & impact,,,HIGHGATE GROUP PRACTICE,,33842517,"1,672.14"
30/09/2020,C&M-GMS Prem Rates,PRC DELEGATED CO-COMMISSIONING,,,,34023323,"1,673.73"
30/09/2020,C&M-PMS DES Learn Dsblty Hlth Chk,,,ABERNETHY HOUSE,,33855261,"1,680.00"
30/09/2020,C&M-PMS Prem Notional Rent,,,ARNOS GROVE MEDICAL CENTRE,,33855260,"1,681.42"
30/09/2020,C&M-GMS Prem Rates,,,HIGHLANDS PRACTICE,,33999833,"1,693.12"
30/09/2020,C&M-GMS Prem Rates,PRC DELEGATED CO-COMMISSIONING,,,,34004554,"1,694.52"
30/09/2020,C&M-PMS QOF Aspiration,PRC DELEGATED CO-COMMISSIONING,,,,33820406,"1,699.01"
30/09/2020,C&M-PMS LES Primary Care Offer,LOCAL ENHANCED SERVICES,,,,33820406,"1,699.86"
30/09/2020,C&M-GMS Prem Rates,PRC DELEGATED CO-COMMISSIONING,,,,34023304,"1,715.31"
30/09/2020,C&M-GMS PCN DES Participation,,,,,34004688,"1,735.47"
30/09/2020,C&M-PMS Prem Rates,PRC DELEGATED CO-COMMISSIONING,,,,33819804,"1,736.10"
30/09/2020,C&M-GMS PCN DES Soc Prescribing,PRC DELEGATED CO-COMMISSIONING,DR AKUNJEE,,,33999814,"1,762.50"
30/09/2020,C&M-PMS PCN DES Participation,,,HOLBORN MEDICAL CENTRE,,33820417,"1,787.13"
30/09/2020,C&M-APMS Prem Rates,PRC DELEGATED CO-COMMISSIONING,,,,33855229,"1,808.88"
30/09/2020,C&M-GMS QOF Aspiration,PRC DELEGATED CO-COMMISSIONING,,,,34004733,"1,811.60"
30/09/2020,C&M-GMS PCN DES Participation,,,,,34004686,"1,813.81"
30/09/2020,C&M-GMS Prem Rates,,,ARCADIAN GARDENS,,33999800,"1,840.06"
30/09/2020,C&M-PMS Prem Rates,PRC DELEGATED CO-COMMISSIONING,CLAASSEN & PARTNER,,,33819802,"1,871.25"
30/09/2020,C&M-PMS QOF Aspiration,,,HODFORD ROAD SURGERY,,33819817,"1,872.23"
30/09/2020,C&M-PMS PCN DES Participation,,,ABERNETHY HOUSE,,33855261,"1,875.76"
30/09/2020,ME-PMS GP Prior Year EEs,PRC DELEGATED CO-COMMISSIONING,CROUCH HALL SURGERY,,,33842497,"1,884.20"
30/09/2020,C&M-GMS Prem Rates,,,,,34004741,"1,912.83"
30/09/2020,C&M-PMS Funding Differential Review,,,HODFORD ROAD SURGERY,,33819817,"1,972.69"
30/09/2020,C&M-GMS Prem Rates,PRC DELEGATED CO-COMMISSIONING,PINTO & PARTNERS,,,34023347,"1,996.00"
30/09/2020,C&M-GMS PCN DES Clinical Director,,,PRIMROSE HILL SURGERY,,34004731,"2,029.90"
30/09/2020,C&M-APMS PCN DES Participation,PRC DELEGATED CO-COMMISSIONING,HURLEY CLINIC,,,33820446,"2,058.08"
30/09/2020,C&M-GMS Prem Rates,PRC DELEGATED CO-COMMISSIONING,,,,34004526,"2,068.77"
30/09/2020,C&M-GMS PCN DES Clinical Director,,,,,34023327,"2,135.07"
30/09/2020,C&M-GMS Prem Actual Rent,PRC DELEGATED CO-COMMISSIONING,CONNAUGHT SURGERY,,,34023305,"2,150.00"
30/09/2020,C&M-PMS PCN DES Clinical Director,,,HOLBORN MEDICAL CENTRE,,33820417,"2,180.74"
30/09/2020,C&M-GMS Prem Notional Rent,PRC DELEGATED CO-COMMISSIONING,ISAACSON & PARTNERS,,,34004540,"2,184.73"
30/09/2020,ME-GMS GP Pension ERs Adjustments,,,AMPTHILL PRACTICE,,34004680,"2,204.92"
30/09/2020,C&M-GMS DES Learn Dsblty Hlth Chk,PRC DELEGATED CO-COMMISSIONING,CONNAUGHT SURGERY,,,34023305,"2,240.00"
30/09/2020,C&M-GMS PCN DES Clinical Director,PRC DELEGATED CO-COMMISSIONING,DR AKUNJEE,,,33999814,"2,256.61"
30/09/2020,C&M-PMS Prem Rates,,,RILEY HOUSE SURGERY,,33855241,"2,285.45"
30/09/2020,C&M-GMS PCN DES Participation,PRC DELEGATED CO-COMMISSIONING,,,,34023342,"2,315.50"
30/09/2020,C&M-PMS PCN DES Invest & impact,,,HAMPSTEAD GROUP PRACTICE,,33820410,"2,318.61"
30/09/2020,C&M-GMS Prem Rates,,,AMWELL PRACTICE,,34004682,"2,368.00"
30/09/2020,C&M-GMS QOF Aspiration,,,ADLER & ROSENBERG,,34004523,"2,369.39"
30/09/2020,C&M-APMS Other FDR Payment,PRC DELEGATED CO-COMMISSIONING,,,,33855229,"2,370.23"
30/09/2020,C&M-PMS Prem Rates,PRC DELEGATED CO-COMMISSIONING,CROUCH HALL SURGERY,,,33842497,"2,373.00"
30/09/2020,C&M-GMS DES Learn Dsblty Hlth Chk,PRC DELEGATED CO-COMMISSIONING,,,,34023307,"2,380.00"
30/09/2020,C&M-GMS DES Learn Dsblty Hlth Chk,PRC DELEGATED CO-COMMISSIONING,,,,34023323,"2,380.00"
30/09/2020,C&M-GMS Prem Actual Rent,,,,,34023352,"2,384.83"
30/09/2020,C&M-GMS Prem Notional Rent,PRC DELEGATED CO-COMMISSIONING,,,,34023307,"2,392.36"
30/09/2020,C&M-PMS Prem Actual Rent,PRC DELEGATED CO-COMMISSIONING,CHESHIRE ROAD SURGERY,,,33855232,"2,408.33"
30/09/2020,C&M- PCN DES CARE COORDINATOR,,,AMPTHILL PRACTICE,,34004680,"2,427.92"
30/09/2020,C&M-GMS LES Primary Care Offer,LOCAL ENHANCED SERVICES,CONNAUGHT SURGERY,,,34023305,"2,445.72"
30/09/2020,C&M-GMS PCN DES Participation,,,RIDGMOUNT PRACTICE,,34004764,"2,451.79"
30/09/2020,C&M-PMS PCN DES Participation,,,HAMPSTEAD GROUP PRACTICE,,33820410,"2,518.07"
30/09/2020,C&M-PMS PCN DES Clinical Director,,,HIGHGATE GROUP PRACTICE,,33842517,"2,535.48"
30/09/2020,C&M-PMS QOF Aspiration,,,,,33819829,"2,540.62"
30/09/2020,C&M-GMS GP Statutory Levy,PRC DELEGATED CO-COMMISSIONING,LONDONWIDE LMCS,33719110,"52,295.00",,2558
30/09/2020,C&M-GMS Prem Notional Rent,,,ADLER & ROSENBERG,,34004523,"2,590.98"
30/09/2020,C&M-PMS Prem Notional Rent,,,HODFORD ROAD SURGERY,,33819817,"2,609.02"
30/09/2020,C&M-PMS Additional Staff Payments,PRC DELEGATED CO-COMMISSIONING,CHESHIRE ROAD SURGERY,,,33855232,"2,609.93"
30/09/2020,C&M-GMS GP Statutory Levy,PRC DELEGATED CO-COMMISSIONING,LONDONWIDE LMCS,33915472,"55,740.00",,2612
30/09/2020,C&M-GMS GP Statutory Levy,PRC DELEGATED CO-COMMISSIONING,LONDONWIDE LMCS,33721381,"52,295.00",,2615
30/09/2020,C&M-GMS QOF Aspiration,,,ARCADIAN GARDENS,,33999800,"2,670.35"
30/09/2020,C&M-GMS LES Primary Care Offer,LOCAL ENHANCED SERVICES,,,,34023325,"2,695.00"
30/09/2020,C&M-GMS Prem Rates,PRC DELEGATED CO-COMMISSIONING,,,,34023342,"2,713.44"
30/09/2020,C&M-GMS QOF Aspiration,,,,,34004737,"2,744.80"
30/09/2020,C&M-PMS Funding Differential Review,,,ARNOS GROVE MEDICAL CENTRE,,33855260,"2,751.15"
30/09/2020,C&M-GMS PCO Doctors Ret Scheme,PRC DELEGATED CO-COMMISSIONING,PINTO & PARTNERS,,,34023347,"2,769.12"
30/09/2020,C&M-GMS LES Primary Care Offer,LOCAL ENHANCED SERVICES,,,,34023307,"2,795.68"
30/09/2020,ME-GMS GP Pension EEs Adjustments,,,AMWELL PRACTICE,,34004682,"2,831.29"
30/09/2020,C&M-PMS Funding Differential Review,,,ANGEL SURGERY,,33855262,"2,926.83"
30/09/2020,C&M-GMS PCN DES Soc Prescribing,,,AMPTHILL PRACTICE,,34004680,"2,949.08"
30/09/2020,C&M-GMS Prem Notional Rent,PRC DELEGATED CO-COMMISSIONING,,,,33999810,"3,004.45"
30/09/2020,C&M-GMS Prem Notional Rent,,,S PRASAD,,34004562,"3,035.59"
30/09/2020,C&M-PMS LES Primary Care Offer,,,ARNOS GROVE MEDICAL CENTRE,,33855260,"3,045.38"
30/09/2020,C&M-PMS QOF Aspiration,,,RAINBOW PRACTICE,,33855242,"3,048.37"
30/09/2020,C&M-GMS Cost of Drugs -Prescribing,,,,,34004686,"3,057.27"
30/09/2020,C&M-GMS Prem Healthcentre Rates,,,,,34023327,"3,059.45"
30/09/2020,ME-PMS GP Prior Year EEs,,,HOLBORN MEDICAL CENTRE,,33820417,"3,071.88"
30/09/2020,C&M-GMS PCN DES Invest & impact,,,AMPTHILL PRACTICE,,34004680,"3,107.61"
30/09/2020,C&M-GMS QOF Aspiration,PRC DELEGATED CO-COMMISSIONING,,,,34023325,"3,125.30"
30/09/2020,C&M-PMS LES Primary Care Offer,,,RAINBOW PRACTICE,,33855242,"3,169.25"
30/09/2020,C&M-PMS QOF Aspiration,PRC DELEGATED CO-COMMISSIONING,CHESHIRE ROAD SURGERY,,,33855232,"3,174.66"
30/09/2020,C&M-PMS Funding Differential Review,,,RAINBOW PRACTICE,,33855242,"3,175.11"
30/09/2020,C&M-GMS QOF Aspiration,,,RISE GROUP PRACTICE,,34004739,"3,175.69"
30/09/2020,C&M-PMS Prem Notional Rent,,,ARCHWAY PRIMARY CARE TEAM,,33820397,"3,187.50"
30/09/2020,C&M-PMS PCN DES Clinical Director,,,HAMPSTEAD GROUP PRACTICE,,33820410,"3,192.38"
30/09/2020,C&M-GMS QOF Aspiration,PRC DELEGATED CO-COMMISSIONING,ISAACSON & PARTNERS,,,34004540,"3,244.86"
30/09/2020,C&M-GMS QOF Aspiration,,,S PRASAD,,34004562,"3,248.71"
30/09/2020,C&M-PMS QOF Aspiration,,,ARNOS GROVE MEDICAL CENTRE,,33855260,"3,270.91"
30/09/2020,C&M-GMS PCN DES Invest & impact,PRC DELEGATED CO-COMMISSIONING,,,,34004559,"3,316.76"
30/09/2020,C&M-PMS Funding Differential Review,,,RUTLAND HOUSE,,33842525,"3,356.84"
30/09/2020,ME-GMS GP Pension ERs Adjustments,,,AMWELL PRACTICE,,34004682,"3,372.34"
30/09/2020,C&M-PMS Funding Differential Review,PRC DELEGATED CO-COMMISSIONING,,,,33819804,"3,375.54"
30/09/2020,C&M-GMS QOF Aspiration,PRC DELEGATED CO-COMMISSIONING,,,,34004526,"3,415.41"
30/09/2020,C&M-PMS Prem Notional Rent,PRC DELEGATED CO-COMMISSIONING,,,,33819804,"3,444.10"
30/09/2020,C&M-PMS Funding Differential Review,PRC DELEGATED CO-COMMISSIONING,,,,33820406,"3,487.53"
30/09/2020,C&M-PMS DES Learn Dsblty Hlth Chk,,,RILEY HOUSE SURGERY,,33855241,"3,500.00"
30/09/2020,C&M-PMS QOF Aspiration,,,RUTLAND HOUSE,,33842525,"3,517.96"
30/09/2020,C&M-PMS Prem Notional Rent,PRC DELEGATED CO-COMMISSIONING,,,,33820403,"3,541.67"
30/09/2020,C&M-PMS Prem Notional Rent,,,RUTLAND HOUSE,,33842525,"3,545.83"
30/09/2020,C&M-PMS QOF Aspiration,,,HAVERGAL VILLAS,,33842519,"3,554.17"
30/09/2020,C&M-GMS QOF Aspiration,PRC DELEGATED CO-COMMISSIONING,,,,34023307,"3,560.51"
30/09/2020,C&M-GMS LES Primary Care Offer,LOCAL ENHANCED SERVICES,,,,33999810,"3,579.47"
30/09/2020,C&M-GMS QOF Aspiration,PRC DELEGATED CO-COMMISSIONING,CONNAUGHT SURGERY,,,34023305,"3,590.77"
30/09/2020,C&M-GMS PCN DES Clinical Director,PRC DELEGATED CO-COMMISSIONING,,,,34004559,"3,626.37"
30/09/2020,C&M-PMS QOF Aspiration,PRC DELEGATED CO-COMMISSIONING,,,,33820403,"3,638.44"
30/09/2020,C&M-PMS Funding Differential Review,,,HAVERGAL VILLAS,,33842519,"3,662.63"
30/09/2020,C&M-PMS QOF Aspiration,PRC DELEGATED CO-COMMISSIONING,HURLEY CLINIC,,,33820446,"3,667.38"
30/09/2020,C&M-GMS QOF Aspiration,PRC DELEGATED CO-COMMISSIONING,CHURCH HOUSE SURGERY,,,34004585,"3,691.57"
30/09/2020,C&M-GMS Prem Actual Rent,PRC DELEGATED CO-COMMISSIONING,DR AKUNJEE,4,,33999814,"3,691.67"
30/09/2020,C&M-PMS LES Primary Care Offer,LOCAL ENHANCED SERVICES,,,,33855243,"3,693.38"
30/09/2020,C&M-GMS PCO Other,,,,,34023352,"3,713.00"
30/09/2020,C&M-GMS QOF Aspiration,,,PRIMROSE HILL SURGERY,,34004731,"3,769.12"
30/09/2020,C&M-PMS LES Primary Care Offer,,,,,33820438,"3,808.37"
30/09/2020,Programme Support Costs,BEREAVEMENT SERVICE,LONDON CENTRAL & WEST UNSCHEDULED CARE COLLABORATIVE,33977904,"30,000.00",193468765,3834
30/09/2020,Clinical&Medical-Independent Sector,,,HAVERSTOCK HEALTHCARE LTD,,33541310,"3,860.00"
30/09/2020,C&M-PMS Prem Actual Rent,,,HAVERGAL VILLAS,,33842519,"3,875.00"
30/09/2020,C&M-GMS QOF Aspiration,PRC DELEGATED CO-COMMISSIONING,,,,34004695,"3,879.72"
30/09/2020,C&M-PMS Funding Differential Review,,,ARCHWAY PRIMARY CARE TEAM,,33820397,"3,882.08"
30/09/2020,Clinical&Medical-Independent Sector,OUT OF HOURS,LONDON CENTRAL & WEST UNSCHEDULED CARE COLLABORATIVE,33757991,"357,659.77",193468765,3916
30/09/2020,Clinical&Medical-Independent Sector,OUT OF HOURS,LONDON CENTRAL & WEST UNSCHEDULED CARE COLLABORATIVE,33757988,"229,924.12",193468765,3917
30/09/2020,Clinical&Medical-Independent Sector,OUT OF HOURS,LONDON CENTRAL & WEST UNSCHEDULED CARE COLLABORATIVE,33757994,"255,471.23",193468765,3918
30/09/2020,Clinical&Medical-Independent Sector,OUT OF HOURS,LONDON CENTRAL & WEST UNSCHEDULED CARE COLLABORATIVE,33790078,"217,150.61",193468765,3919
30/09/2020,Clinical&Medical-Independent Sector,OUT OF HOURS,LONDON CENTRAL & WEST UNSCHEDULED CARE COLLABORATIVE,33790076,"217,150.61",193468765,3920
30/09/2020,C&M-PMS Funding Differential Review,PRC DELEGATED CO-COMMISSIONING,CHESHIRE ROAD SURGERY,,,33855232,"3,962.93"
30/09/2020,C&M-PMS Prem Rates,,,,,33819829,"3,967.83"
30/09/2020,C&M-PMS Funding Differential Review,,,,,33819829,"3,974.32"
30/09/2020,C&M-GMS QOF Aspiration,,,RIDGMOUNT PRACTICE,,34004764,"4,012.76"
30/09/2020,C&M-GMS QOF Aspiration,,,,,34023352,"4,016.25"
30/09/2020,C&M-PMS QOF Aspiration,,,ARCHWAY PRIMARY CARE TEAM,,33820397,"4,019.21"
30/09/2020,C&M-GMS Prem Notional Rent,PRC DELEGATED CO-COMMISSIONING,,,,34023304,"4,033.33"
30/09/2020,C&M-PMS DES Learn Dsblty Hlth Chk,PRC DELEGATED CO-COMMISSIONING,,,,33855229,"4,060.00"
30/09/2020,C&M-GMS QOF Aspiration,,,HENDON WAY SURGERY,,34004577,"4,064.98"
30/09/2020,C&M-GMS DES Extended Hours Access,PRC DELEGATED CO-COMMISSIONING,PRIMROSE HILL SURGERY,,,34004731,"4,076.68"
30/09/2020,C&M-GMS QOF Aspiration,,,ANDOVER MEDICAL CENTRE,,34004684,"4,089.57"
30/09/2020,ME-GMS GP Prior Year EEs,PRC DELEGATED CO-COMMISSIONING,,,,34004695,"4,092.60"
30/09/2020,C&M-GMS Prem Notional Rent,PRC DELEGATED CO-COMMISSIONING,,,,34004526,"4,112.15"
30/09/2020,C&M-GMS Prem Notional Rent,PRC DELEGATED CO-COMMISSIONING,PAINTER & PARTNERS,,,34004558,"4,116.67"
30/09/2020,C&M-PMS Funding Differential Review,PRC DELEGATED CO-COMMISSIONING,,,,33820436,"4,128.04"
30/09/2020,C&M-PMS QOF Aspiration,,,,,33820438,"4,147.82"
30/09/2020,C&M-GMS QOF Aspiration,PRC DELEGATED CO-COMMISSIONING,,,,33999810,"4,206.89"
30/09/2020,C&M-PMS Funding Differential Review,PRC DELEGATED CO-COMMISSIONING,CLAASSEN & PARTNER,,,33819802,"4,217.07"
30/09/2020,C&M-GMS PCN DES PCN support,,,PRIMROSE HILL SURGERY,,34004731,"4,217.25"
30/09/2020,C&M-GMS Prem Notional Rent,PRC DELEGATED CO-COMMISSIONING,,,,34004559,"4,243.06"
30/09/2020,C&M-GMS PCO Other,,,ANDOVER MEDICAL CENTRE,,34004684,"4,253.00"
30/09/2020,C&M-GMS LES Primary Care Offer,,,,,34023352,"4,278.53"
30/09/2020,C&M-PMS LES Primary Care Offer,,,RILEY HOUSE SURGERY,,33855241,"4,287.81"
30/09/2020,C&M-GMS DES Extended Hours Access,,,,,34023327,"4,287.89"
30/09/2020,C&M-GMS Prem Notional Rent,PRC DELEGATED CO-COMMISSIONING,,,,34004554,"4,288.19"
30/09/2020,C&M-GMS LES Primary Care Offer,,,PRIMROSE HILL SURGERY,,34004731,"4,344.68"
30/09/2020,C&M-PMS LES Primary Care Offer,LOCAL ENHANCED SERVICES,PARK END SURGERY,,,33820432,"4,348.34"
30/09/2020,C&M-PMS QOF Aspiration,PRC DELEGATED CO-COMMISSIONING,CROUCH HALL SURGERY,,,33842497,"4,365.53"
30/09/2020,C&M-PMS DES Extended Hours Access,,,HOLBORN MEDICAL CENTRE,,33820417,"4,379.60"
30/09/2020,C&M-GMS PCN DES Clinical Director,,,AMPTHILL PRACTICE,,34004680,"4,379.77"
30/09/2020,C&M-PMS Funding Differential Review,,,HEATHFIELDS,,33819815,"4,381.28"
30/09/2020,C&M-PMS LES Primary Care Offer,LOCAL ENHANCED SERVICES,,,,33820403,"4,391.60"
30/09/2020,C&M-GMS PCN DES PCN support,,,,,34023327,"4,435.75"
30/09/2020,C&M-PMS QOF Aspiration,PRC DELEGATED CO-COMMISSIONING,,,,33819804,"4,444.43"
30/09/2020,C&M-PMS QOF Aspiration,PRC DELEGATED CO-COMMISSIONING,,,,33820436,"4,458.41"
30/09/2020,C&M-GMS LES Primary Care Offer,LOCAL ENHANCED SERVICES,,,,34023323,"4,479.74"
30/09/2020,Clinical&Medical-Voluntary Sector,CHILD AND ADOLESCENT MENTAL HEALTH,ATTAIN HEALTH MANAGEMENT SERVICES LTD,33835375,"25,875.00",107 2327 47,4483
30/09/2020,C&M-PMS PCN DES PCN support,,,HOLBORN MEDICAL CENTRE,,33820417,"4,530.63"
30/09/2020,C&M-GMS DES Extended Hours Access,PRC DELEGATED CO-COMMISSIONING,DR AKUNJEE,,,33999814,"4,531.98"
30/09/2020,C&M-PMS Funding Differential Review,PRC DELEGATED CO-COMMISSIONING,,,,33855243,"4,548.97"
30/09/2020,C&M-PMS Prem Notional Rent,,,RAINBOW PRACTICE,,33855242,"4,584.86"
30/09/2020,C&M-PMS QOF Aspiration,PRC DELEGATED CO-COMMISSIONING,PARK END SURGERY,,,33820432,"4,589.23"
30/09/2020,C&M-PMS LES Primary Care Offer,LOCAL ENHANCED SERVICES,,,,33820436,"4,619.49"
30/09/2020,C&M-GMS PCN DES Clin Pharmacist,,,AMPTHILL PRACTICE,,34004680,"4,639.17"
30/09/2020,C&M-PMS Prem Notional Rent,PRC DELEGATED CO-COMMISSIONING,CROUCH HALL SURGERY,,,33842497,"4,658.33"
30/09/2020,C&M-PMS Funding Differential Review,PRC DELEGATED CO-COMMISSIONING,CROUCH HALL SURGERY,,,33842497,"4,684.08"
30/09/2020,C&M-GMS PCN DES PCN support,LOCAL ENHANCED SERVICES,DR AKUNJEE,,,33999814,"4,688.25"
30/09/2020,C&M-PMS QOF Aspiration,PRC DELEGATED CO-COMMISSIONING,CLAASSEN & PARTNER,,,33819802,"4,694.01"
30/09/2020,C&M-PMS QOF Aspiration,,,HOLBORN MEDICAL CENTRE,,33820417,"4,700.41"
30/09/2020,C&M-GMS QOF Aspiration,,,,,34004713,"4,722.94"
30/09/2020,C&M-PMS QOF Aspiration,,,HEATHFIELDS,,33819815,"4,760.94"
30/09/2020,C&M-PMS Additional Staff Payments,,,HAMPSTEAD GROUP PRACTICE,,33820410,"4,881.87"
30/09/2020,C&M-GMS Prem Notional Rent,PRC DELEGATED CO-COMMISSIONING,,,,34023323,"4,915.63"
30/09/2020,C&M-GMS QOF Aspiration,PRC DELEGATED CO-COMMISSIONING,,,,34004559,"4,925.23"
30/09/2020,C&M-GMS Prem Notional Rent,,,HENDON WAY SURGERY,,34004577,"4,929.17"
30/09/2020,C&M-PMS QOF Aspiration,PRC DELEGATED CO-COMMISSIONING,,,,33855243,"4,951.93"
30/09/2020,C&M-PMS QOF Aspiration,PRC DELEGATED CO-COMMISSIONING,,,,33855229,"4,973.98"
30/09/2020,C&M-GMS QOF Aspiration,,,AMWELL PRACTICE,,34004682,"5,060.70"
30/09/2020,Clinical&Medical-Clinical Other,PRIMARY CARE IT,,PROBRAND LTD,,33793602,"5,083.80"
30/09/2020,C&M-PMS DES Extended Hours Access,,,HIGHGATE GROUP PRACTICE,,33842517,"5,092.04"
30/09/2020,Cont Care- Palliative Care,CHC ADULT FULLY FUNDED,,,,33993433,"5,092.86"
30/09/2020,C&M-GMS QOF Aspiration,PRC DELEGATED CO-COMMISSIONING,PINTO & PARTNERS,,,34023347,"5,140.03"
30/09/2020,C&M-PMS Prem Rates,,,HOLBORN MEDICAL CENTRE,,33820417,"5,142.67"
30/09/2020,C&M-APMS LES Primary Care Offer,LOCAL ENHANCED SERVICES,,,,33855229,"5,160.55"
30/09/2020,C&M-PMS Prem Notional Rent,,,ANGEL SURGERY,,33855262,"5,196.66"
30/09/2020,C&M-PMS PCN DES PCN support,,,HIGHGATE GROUP PRACTICE,,33842517,"5,267.63"
30/09/2020,C&M-GMS LES Primary Care Offer,,,AMPTHILL PRACTICE,,34004680,"5,284.89"
30/09/2020,C&M-GMS QOF Aspiration,PRC DELEGATED CO-COMMISSIONING,,,,34023323,"5,288.99"
30/09/2020,C&M-GMS QOF Aspiration,PRC DELEGATED CO-COMMISSIONING,,,,34004699,"5,318.69"
30/09/2020,ME-GMS GP Prior Year EEs,,,AMPTHILL PRACTICE,,34004680,"5,344.86"
30/09/2020,C&M-PMS Funding Differential Review,,,RILEY HOUSE SURGERY,,33855241,"5,414.09"
30/09/2020,C&M-GMS Prem Actual Rent,,,ANDOVER MEDICAL CENTRE,,34004684,"5,500.00"
30/09/2020,C&M-PMS LES Primary Care Offer,,,PRINCE OF WALES ROAD,,33842242,"5,521.03"
30/09/2020,C&M-GMS PCN DES Participation,PRC DELEGATED CO-COMMISSIONING,,,,34004733,"5,542.50"
30/09/2020,C&M-GMS QOF Aspiration,PRC DELEGATED CO-COMMISSIONING,,,,34004557,"5,546.71"
30/09/2020,C&M-GMS QOF Aspiration,,,AMPTHILL PRACTICE,,34004680,"5,546.80"
30/09/2020,C&M-PMS QOF Aspiration,,,,,33855248,"5,598.58"
30/09/2020,C&M-GMS LES Primary Care Offer,,,HIGHLANDS PRACTICE,,33999833,"5,669.89"
30/09/2020,C&M-PMS LES Primary Care Offer,,,,,33855248,"5,673.84"
30/09/2020,C&M-PMS QOF Aspiration,,,RILEY HOUSE SURGERY,,33855241,"5,710.24"
30/09/2020,C&M-PMS PCN DES Soc Prescribing,,,HOLBORN MEDICAL CENTRE,,33820417,"5,721.22"
30/09/2020,C&M-GMS Prem Notional Rent,PRC DELEGATED CO-COMMISSIONING,PINTO & PARTNERS,,,34023347,"5,822.92"
30/09/2020,C&M-GMS QOF Aspiration,PRC DELEGATED CO-COMMISSIONING,,,,34004726,"5,832.63"
30/09/2020,Apprenticeship Levy Payable,BALANCE SHEET,,HMRC,,33891386,"5,949.00"
30/09/2020,C&M-GMS QOF Aspiration,,,HIGHLANDS PRACTICE,,33999833,"6,010.59"
30/09/2020,ME - GMS GP Prior Year ERs,,,AMWELL PRACTICE,,34004682,"6,014.63"
30/09/2020,C&M-PMS QOF Aspiration,,,ANGEL SURGERY,,33855262,"6,020.35"
30/09/2020,C&M-GMS QOF Aspiration,PRC DELEGATED CO-COMMISSIONING,PAINTER & PARTNERS,,,34004558,"6,043.72"
30/09/2020,C&M-PMS PCO Locum Adop/Pat/Mat,PRC DELEGATED CO-COMMISSIONING,,,,33820406,"6,090.00"
30/09/2020,C&M-GMS QOF Aspiration,PRC DELEGATED CO-COMMISSIONING,,,,34004554,"6,097.06"
30/09/2020,C&M-GMS Prem Notional Rent,,,ARCADIAN GARDENS,,33999800,"6,219.41"
30/09/2020,C&M-GMS PCN DES Participation,PRC DELEGATED CO-COMMISSIONING,,,,34023304,"6,278.16"
30/09/2020,C&M-PMS QOF Aspiration,,,PRINCE OF WALES ROAD,,33842242,"6,316.74"
30/09/2020,C&M-PMS Prem Actual Rent,PRC DELEGATED CO-COMMISSIONING,CLAASSEN & PARTNER,,,33819802,"6,345.00"
30/09/2020,C&M-PMS LES Primary Care Offer,,,ANGEL SURGERY,,33855262,"6,408.51"
30/09/2020,C&M-PMS DES Extended Hours Access,,,HAMPSTEAD GROUP PRACTICE,,33820410,"6,411.30"
30/09/2020,ME - GMS GP Prior Year ERs,PRC DELEGATED CO-COMMISSIONING,,,,34004695,"6,524.74"
30/09/2020,C&M-PMS Funding Differential Review,PRC DELEGATED CO-COMMISSIONING,PARK END SURGERY,,,33820432,"6,565.51"
30/09/2020,C&M-PMS Funding Differential Review,,,,,33820438,"6,620.14"
30/09/2020,C&M-PMS LES Primary Care Offer,,,HOLBORN MEDICAL CENTRE,,33820417,"6,628.03"
30/09/2020,C&M-PMS PCN DES PCN support,,,HAMPSTEAD GROUP PRACTICE,,33820410,"6,632.38"
30/09/2020,C&M-PMS Prem Notional Rent,PRC DELEGATED CO-COMMISSIONING,PARK END SURGERY,,,33820432,"6,662.50"
30/09/2020,C&M-GMS QOF Aspiration,PRC DELEGATED CO-COMMISSIONING,DR AKUNJEE,,,33999814,"6,721.32"
30/09/2020,C&M-PMS Funding Differential Review,,,PRINCE OF WALES ROAD,,33842242,"6,831.04"
30/09/2020,C&M-PMS Prem Healthcentre Rent,PRC DELEGATED CO-COMMISSIONING,,,,33820406,"6,833.33"
30/09/2020,C&M-GMS LES Primary Care Offer,,,,,34004688,"6,855.83"
30/09/2020,C&M-GMS LES Primary Care Offer,,,,,34004686,"7,186.30"
30/09/2020,C&M-PMS LES Primary Care Offer,,,ABERNETHY HOUSE,,33855261,"7,199.21"
30/09/2020,C&M-GMS DES Extended Hours Access,PRC DELEGATED CO-COMMISSIONING,,,,34004559,"7,282.87"
30/09/2020,C&M-PMS Prem Notional Rent,,,RILEY HOUSE SURGERY,,33855241,"7,420.83"
30/09/2020,C&M-PMS Funding Differential Review,,,HOLBORN MEDICAL CENTRE,,33820417,"7,472.69"
30/09/2020,C&M-GMS PCN DES Participation,,,,,34004737,"7,514.11"
30/09/2020,C&M-PMS Prem Notional Rent,,,,,33855248,"7,533.68"
30/09/2020,C&M-GMS PCN DES PCN support,LOCAL ENHANCED SERVICES,,,,34004559,"7,534.00"
30/09/2020,Clinical&Medical-Independent Sector,COMMUNITY SERVICES,BARNDOC HEALTHCARE LTD,33915612,"57,372.48",,7637
30/09/2020,Income tax <1Yr-Student Loans,BALANCE SHEET,,HMRC,,33891386,"7,637.00"
30/09/2020,Clinical&Medical-Independent Sector,COMMUNITY SERVICES,BARNDOC HEALTHCARE LTD,33929094,"57,372.48",,7681
30/09/2020,Clinical&Medical-Independent Sector,COMMUNITY SERVICES,BARNDOC HEALTHCARE LTD,33931306,"38,674.55",,7710
30/09/2020,ME - GMS GP Prior Year ERs,,,AMPTHILL PRACTICE,,34004680,"7,835.25"
30/09/2020,C&M-GMS QOF Aspiration,,,,,34004688,"7,857.89"
30/09/2020,C&M-PMS Prem Notional Rent,,,ABERNETHY HOUSE,,33855261,"7,894.79"
30/09/2020,C&M-PMS PCO Locum Sickness,PRC DELEGATED CO-COMMISSIONING,,,,33855243,"7,941.15"
30/09/2020,C&M-GMS Prem Rates,PRC DELEGATED CO-COMMISSIONING,,,,34004695,"7,980.00"
30/09/2020,C&M-GMS Prem Actual Rent,PRC DELEGATED CO-COMMISSIONING,,,,34004726,"7,987.50"
30/09/2020,C&M-GMS Prem Healthcentre Rent,PRC DELEGATED CO-COMMISSIONING,CHURCH HOUSE SURGERY,,,34004585,"8,155.44"
30/09/2020,C&M-GMS Prem Rates,,,RIDGMOUNT PRACTICE,,34004764,"8,157.17"
30/09/2020,C&M-PMS PCN DES Clin Pharmacist,,,HAMPSTEAD GROUP PRACTICE,,33820410,"8,350.51"
30/09/2020,C&M-PMS QOF Aspiration,,,HIGHGATE GROUP PRACTICE,,33842517,"8,368.24"
30/09/2020,C&M-GMS PCN DES Clin Pharmacist,,,PRIMROSE HILL SURGERY,,34004731,"8,405.50"
30/09/2020,ME-GMS GP Prior Year EEs,,,AMWELL PRACTICE,,34004682,"8,423.17"
30/09/2020,C&M-APMS LES Primary Care Offer,LOCAL ENHANCED SERVICES,HURLEY CLINIC,,,33820446,"8,485.16"
30/09/2020,Clinical&Medical-Independent Sector,,,HAVERSTOCK HEALTHCARE LTD,,33541310,"8,541.00"
30/09/2020,C&M-PMS Funding Differential Review,,,ABERNETHY HOUSE,,33855261,"8,551.23"
30/09/2020,C&M-GMS QOF Aspiration,,,,,34004686,"8,561.63"
30/09/2020,C&M-PMS Funding Differential Review,,,HIGHGATE GROUP PRACTICE,,33842517,"8,617.99"
30/09/2020,C&M-PMS QOF Achievement,,,,,33855248,"8,643.04"
30/09/2020,C&M-GMS QOF Aspiration,,,,,34004741,"8,707.05"
30/09/2020,C&M-GMS DES Extended Hours Access,,,AMPTHILL PRACTICE,,34004680,"8,795.94"
30/09/2020,C&M-GMS PCN DES PCN support,,,AMPTHILL PRACTICE,,34004680,"9,099.25"
30/09/2020,C&M-GMS LES Primary Care Offer,,,RIDGMOUNT PRACTICE,,34004764,"9,287.31"
30/09/2020,C&M-GMS PCN DES Participation,,,ARCADIAN GARDENS,,33999800,"9,420.53"
30/09/2020,C&M-PMS Prem Actual Rent,,,,,33820438,"9,527.08"
30/09/2020,C&M-GMS Prem Actual Rent,,,PRIMROSE HILL SURGERY,,34004731,"9,604.17"
30/09/2020,Cont Care- Palliative Care,CHC ADULT FULLY FUNDED,,,,33928862,"9,642.85"
30/09/2020,C&M-GMS QOF Aspiration,PRC DELEGATED CO-COMMISSIONING,,,,34004715,"9,711.54"
30/09/2020,Cont Care-Funded Nursing Care Allow,FUNDED NURSING CARE,,,,33928862,"9,879.14"
30/09/2020,C&M-PMS LES Primary Care Offer,,,HAMPSTEAD GROUP PRACTICE,,33820410,"9,947.94"
30/09/2020,C&M-PMS QOF Aspiration,,,ABERNETHY HOUSE,,33855261,"9,950.40"
30/09/2020,ME-GMS GP Prior Year EEs,PRC DELEGATED CO-COMMISSIONING,,,,34023325,"10,027.88"
30/09/2020,C&M-GMS Prem Notional Rent,,,,,34004688,"10,114.17"
30/09/2020,C&M-PMS Prem Cost Rent,,,HAMPSTEAD GROUP PRACTICE,,33820410,"10,208.33"
30/09/2020,C&M-PMS QOF Aspiration,,,HAMPSTEAD GROUP PRACTICE,,33820410,"10,332.83"
30/09/2020,ME - GMS GP Prior Year ERs,PRC DELEGATED CO-COMMISSIONING,,,,34023325,"10,573.60"
30/09/2020,C&M-GMS PCN DES Participation,,,RISE GROUP PRACTICE,,34004739,"10,784.55"
30/09/2020,C&M-GMS C&M-APMS PCN DES Physician Assoc,PRC DELEGATED CO-COMMISSIONING,PRIMROSE HILL SURGERY,,,34004731,"10,921.65"
30/09/2020,C&M-PMS QOF Achievement,,,HAMPSTEAD GROUP PRACTICE,,33820410,"10,924.23"
30/09/2020,C&M-GMS QOF Aspiration,PRC DELEGATED CO-COMMISSIONING,,,,34023342,"11,055.50"
30/09/2020,C&M-PMS PCN DES Participation,,,HAVERGAL VILLAS,,33842519,"11,190.27"
30/09/2020,C&M-GMS PCO Locum Adop/Pat/Mat,PRC DELEGATED CO-COMMISSIONING,PINTO & PARTNERS,,,34023347,"11,333.34"
30/09/2020,C&M-PMS Funding Differential Review,,,HAMPSTEAD GROUP PRACTICE,,33820410,"11,476.28"
30/09/2020,C&M-PMS Prem Notional Rent,,,,,33819829,"11,492.36"
30/09/2020,C&M-PMS PCN DES Soc Prescribing,,,HAMPSTEAD GROUP PRACTICE,,33820410,"11,583.66"
30/09/2020,C&M-PMS PCN DES Participation,,,RUTLAND HOUSE,,33842525,"11,609.17"
30/09/2020,C&M-PMS PCN DES Participation,PRC DELEGATED CO-COMMISSIONING,CHESHIRE ROAD SURGERY,,,33855232,"12,160.21"
30/09/2020,C&M-APMS Prem Healthcentre Rent,PRC DELEGATED CO-COMMISSIONING,,,,33855229,"12,757.52"
30/09/2020,C&M-PMS PCN DES Clin Pharmacist,,,HOLBORN MEDICAL CENTRE,,33820417,"13,110.24"
30/09/2020,C&M-PMS Prem Notional Rent,PRC DELEGATED CO-COMMISSIONING,,,,33855243,"13,133.33"
30/09/2020,C&M-GMS PCN DES Participation,,,ANDOVER MEDICAL CENTRE,,34004684,"13,279.56"
30/09/2020,C&M-GMS Prem Notional Rent,,,HIGHLANDS PRACTICE,,33999833,"14,160.35"
30/09/2020,C&M-GMS Prem Actual Rent,PRC DELEGATED CO-COMMISSIONING,,,,34004695,"14,445.83"
30/09/2020,C&M-GMS QOF Aspiration,,,,,34023327,"14,521.55"
30/09/2020,C&M-PMS PCN DES Participation,PRC DELEGATED CO-COMMISSIONING,CROUCH HALL SURGERY,,,33842497,"14,660.45"
30/09/2020,C&M-GMS PCN DES Participation,PRC DELEGATED CO-COMMISSIONING,,,,34004695,"16,044.41"
30/09/2020,C&M-PMS Prem Rates,,,PRINCE OF WALES ROAD,,33842242,"17,408.00"
30/09/2020,Cont Care-Physical Disab (65+),CHC ADULT FULLY FUNDED,,,,33928862,"17,514.29"
30/09/2020,C&M-GMS PCN DES Participation,,,,,34004713,"18,012.84"
30/09/2020,C&M-GMS PCN DES Participation,PRC DELEGATED CO-COMMISSIONING,,,,34004726,"18,482.87"
30/09/2020,C&M-PMS Prem Actual Rent,,,HOLBORN MEDICAL CENTRE,,33820417,"18,494.58"
30/09/2020,C&M-GMS C&M-APMS PCN DES Physician Assoc,,,AMPTHILL PRACTICE,,34004680,"18,713.43"
30/09/2020,C&M-PMS PCN DES Participation,,,ARCHWAY PRIMARY CARE TEAM,,33820397,"19,173.81"
30/09/2020,C&M-GMS PCN DES Participation,,,AMWELL PRACTICE,,34004682,"19,821.14"
30/09/2020,C&M-GMS Prem Actual Rent,,,,,34004741,"20,370.00"
30/09/2020,C&M-GMS Prem Actual Rent,,,,,34004686,"21,145.83"
30/09/2020,C&M-PMS Cost of Drugs -Prescribing,PRESCRIBING,,,,33760245,"21,638.27"
30/09/2020,C&M-GMS Prem Notional Rent,PRC DELEGATED CO-COMMISSIONING,,,,34023342,"22,713.89"
30/09/2020,C&M-GMS Global Sum,PRC DELEGATED CO-COMMISSIONING,,,,34004733,"22,753.22"
30/09/2020,C&M-PMS Contract Value,PRC DELEGATED CO-COMMISSIONING,,,,33820406,"24,703.27"
30/09/2020,Clinical&Medical-Clinical Other,PRIMARY CARE IT,,PROBRAND LTD,,33793602,"25,419.00"
30/09/2020,C&M-PMS Contract Value,,,HODFORD ROAD SURGERY,,33819817,"25,747.02"
30/09/2020,C&M-GMS Other Addtl Staff Paymts,,,,,34023327,"25,857.34"
30/09/2020,C&M-GMS PCN DES Participation,PRC DELEGATED CO-COMMISSIONING,,,,34004699,"25,949.83"
30/09/2020,C&M-GMS Prem Actual Rent,,,RIDGMOUNT PRACTICE,,34004764,"26,041.67"
30/09/2020,C&M-GMS Global Sum,PRC DELEGATED CO-COMMISSIONING,,,,34023304,"26,368.30"
30/09/2020,C&M-GMS PCN DES Participation,PRC DELEGATED CO-COMMISSIONING,DR AKUNJEE,,,33999814,"27,288.27"
30/09/2020,C&M-PMS PCN DES Participation,,,HIGHGATE GROUP PRACTICE,,33842517,"27,343.55"
30/09/2020,C&M-GMS Prem Healthcentre Rent,,,,,34023327,"27,809.50"
30/09/2020,C&M-GMS Prem Actual Rent,PRC DELEGATED CO-COMMISSIONING,,,,34004715,"29,755.17"
30/09/2020,Clinical&Medical-Voluntary Sector,,,AGE UK CAMDEN,,33951848,"30,000.00"
30/09/2020,C&M-GMS Global Sum,,,,,34004737,"30,172.31"
30/09/2020,Clinical&Medical-Independent Sector,,,HAVERSTOCK HEALTHCARE LTD,,33722405,"30,272.00"
30/09/2020,Clinical&Medical-Independent Sector,,,HAVERSTOCK HEALTHCARE LTD,,33737593,"30,272.00"
30/09/2020,Clinical&Medical-Independent Sector,,,HAVERSTOCK HEALTHCARE LTD,,33867355,"30,272.00"
30/09/2020,Clinical&Medical-Independent Sector,,,HAVERSTOCK HEALTHCARE LTD,,33950917,"30,272.00"
30/09/2020,Hcare Srv Rec NHS Trust-Contract Variation,ACUTE COMMISSIONING,,,,33891253,"30,500.00"
30/09/2020,Clinical&Medical-Independent Sector,MENTAL HEALTH SERVICES - ADULTS,,,,34012757,"31,441.00"
30/09/2020,Cont Care-Physical Disab (<65),CHC ADULT FULLY FUNDED,,,,33757964,"31,495.96"
30/09/2020,Cont Care-Physical Disab (65+),,,ASCOT REHABILITATION LTD,,33899596,"31,729.51"
30/09/2020,Cont Care-Physical Disab (65+),CHC AD FULL FUND PERS HLTH BUD,,,,34064333,"31,797.02"
30/09/2020,Hcare Srv Rec Fdtn Trust-Non Contract,ACUTE COMMISSIONING,,,,33897981,"32,143.04"
30/09/2020,Clinical&Medical-Commercial Sector,WINTER RESILIENCE,,,,33736602,"32,427.53"
30/09/2020,C&M-GMS Global Sum,PRC DELEGATED CO-COMMISSIONING,CONNAUGHT SURGERY,,,34023305,"32,910.06"
30/09/2020,Clinical&Medical-Voluntary Sector,,,AGE CONCERN ENFIELD,,34020479,"33,331.50"
30/09/2020,Cont Care-Physical Disab (65+),CHC ADULT FULLY FUNDED,DEVINE CARE LTD,,,34064331,"33,341.49"
30/09/2020,Clinical&Medical-Independent Sector,LEARNING DIFFICULTIES,,,,34012760,"34,224.00"
30/09/2020,C&M-PMS Contract Value,,,,,33819829,"34,798.64"
30/09/2020,Clinical&Medical-Voluntary Sector,LONG TERM CONDITIONS,,AGE UK CAMDEN,,33749536,"34,833.33"
30/09/2020,Clinical&Medical-Voluntary Sector,LONG TERM CONDITIONS,,AGE UK CAMDEN,,33749537,"34,833.33"
30/09/2020,Cont Care-Learning Disab(<65),CHC ADULT FULLY FUNDED,,ACCOMPLISH GROUP,,34012770,"35,075.57"
30/09/2020,C&M-GMS PCN DES Participation,,,,,34004741,"35,277.61"
30/09/2020,Hcare Srv Rec NHS Trust-Contract Variation,ACUTE COMMISSIONING,,,,33891260,"35,900.00"
30/09/2020,Clinical&Medical-Independent Sector,PRIMARY CARE IT,IPLATO HEALTHCARE LTD,,,33950173,"36,000.00"
30/09/2020,Hcare Srv Rec Fdtn Trust-Contract Baseline,ACUTE COMMISSIONING,,,,33915424,"36,198.01"
30/09/2020,Hcare Srv Rec Fdtn Trust-Non Contract,ACUTE COMMISSIONING,,,,33899345,"36,265.90"
30/09/2020,C&M-GMS Global Sum,PRC DELEGATED CO-COMMISSIONING,,,,34023307,"36,349.88"
30/09/2020,C&M-GMS Global Sum,PRC DELEGATED CO-COMMISSIONING,,,,34023325,"36,511.19"
30/09/2020,FM Computer Contracts,BUSINESS INFORMATICS,INSIGHT DIRECT (UK) LTD,,,33902383,"36,855.33"
30/09/2020,C&M-GMS Global Sum,PRC DELEGATED CO-COMMISSIONING,ISAACSON & PARTNERS,,,34004540,"37,446.49"
30/09/2020,C&M-GMS Global Sum,,,S PRASAD,,34004562,"37,670.96"
30/09/2020,C&M-GMS Global Sum,,,ARCADIAN GARDENS,,33999800,"37,811.75"
30/09/2020,Clinical&Medical-Independent Sector,,,HAVERSTOCK HEALTHCARE LTD,,33887629,"38,000.00"
30/09/2020,C&M-GMS PCN DES Participation,PRC DELEGATED CO-COMMISSIONING,,,,34004715,"38,033.24"
30/09/2020,C&M-PMS Contract Value,PRC DELEGATED CO-COMMISSIONING,,,,33819804,"38,266.73"
30/09/2020,C&M-GMS Global Sum,,,ADLER & ROSENBERG,,34004523,"38,930.45"
30/09/2020,C&M-GMS PCN DES Participation,,,,,34023327,"39,062.82"
30/09/2020,Clinical&Medical-Commercial Sector,WINTER RESILIENCE,,,,33736604,"39,328.95"
30/09/2020,Hcare Srv Rec Fdtn Trust-Non Contract,NCAS/OATS,,,,33757661,"39,929.00"
30/09/2020,C&M-GMS Global Sum,PRC DELEGATED CO-COMMISSIONING,,,,34004526,"40,969.93"
30/09/2020,C&M-GMS Global Sum,PRC DELEGATED CO-COMMISSIONING,CHURCH HOUSE SURGERY,,,34004585,"41,946.87"
30/09/2020,C&M-PMS Contract Value,,,RAINBOW PRACTICE,,33855242,"42,730.17"
30/09/2020,C&M-GMS Global Sum,,,RISE GROUP PRACTICE,,34004739,"42,758.34"
30/09/2020,C&M-PMS Contract Value,,,ARNOS GROVE MEDICAL CENTRE,,33855260,"43,490.15"
30/09/2020,Hcare Srv Rec Fdtn Trust-Non Contract,COMMUNITY SERVICES,,,,33899362,"43,862.71"
30/09/2020,Hcare Srv Rec Fdtn Trust-Prior Year,ACUTE COMMISSIONING,,,,33898068,"44,309.64"
30/09/2020,Clinical&Medical-Independent Sector,,,HAVERSTOCK HEALTHCARE LTD,,33541310,"44,748.00"
30/09/2020,C&M-PMS Contract Value,,,RUTLAND HOUSE,,33842525,"46,411.75"
30/09/2020,C&M-PMS Contract Value,,,HAVERGAL VILLAS,,33842519,"46,434.30"
30/09/2020,Hcare Srv Rec Fdtn Trust-Over/ Under,ACUTE COMMISSIONING,,,,33898021,"46,661.46"
30/09/2020,Hcare Srv Rec Fdtn Trust-Prior Year,ACUTE COMMISSIONING,,,,33898081,"47,859.78"
30/09/2020,C&M-PMS Contract Value,,,,,33820438,"48,161.34"
30/09/2020,C&M-GMS Global Sum,PRC DELEGATED CO-COMMISSIONING,,,,33999810,"48,629.02"
30/09/2020,Hcare Srv Rec Fdtn Trust-Prior Year,ACUTE COMMISSIONING,,,,33898066,"48,829.16"
30/09/2020,Hcare Srv Rec Fdtn Trust-Contract Baseline,ACUTE COMMISSIONING,,,,33899309,"49,203.92"
30/09/2020,C&M-PMS Contract Value,PRC DELEGATED CO-COMMISSIONING,,,,33855243,"49,726.78"
30/09/2020,Hcare Srv Rec Fdtn Trust-Contract Baseline,ACUTE COMMISSIONING,,,,33950047,"50,113.30"
30/09/2020,"Performance
Hcare Srv Rec Fdtn Trust-Prior Year",ACUTE COMMISSIONING,,,,33950027,"50,472.63"
30/09/2020,Cont Care-Physical Disab (65+),CHC ADULT FULLY FUNDED,,ACTIVE ASSISTANCE,,33964985,"50,818.52"
30/09/2020,C&M-PMS Contract Value,PRC DELEGATED CO-COMMISSIONING,CHESHIRE ROAD SURGERY,,,33855232,"50,983.88"
30/09/2020,C&M-GMS Global Sum,,,ANDOVER MEDICAL CENTRE,,34004684,"51,223.36"
30/09/2020,C&M-GMS Global Sum,PRC DELEGATED CO-COMMISSIONING,PINTO & PARTNERS,,,34023347,"51,875.87"
30/09/2020,Hcare Srv Rec Fdtn Trust-Contract Baseline,ACUTE COMMISSIONING,,,,33950043,"54,241.30"
30/09/2020,C&M-GMS Global Sum,,,,,34023352,"54,456.98"
30/09/2020,C&M-PMS Contract Value,PRC DELEGATED CO-COMMISSIONING,CLAASSEN & PARTNER,,,33819802,"54,731.36"
30/09/2020,Hcare Srv Rec Fdtn Trust-Over/ Under,ACUTE COMMISSIONING,,,,33950013,"55,071.92"
30/09/2020,C&M-PMS Contract Value,PRC DELEGATED CO-COMMISSIONING,,,,33820403,"55,398.28"
30/09/2020,Hcare Srv Rec Fdtn Trust-Prior Year,ACUTE COMMISSIONING,,,,33950073,"55,560.60"
30/09/2020,C&M-PMS Contract Value,,,HEATHFIELDS,,33819815,"56,042.55"
30/09/2020,C&M-PMS Contract Value,PRC DELEGATED CO-COMMISSIONING,PARK END SURGERY,,,33820432,"56,445.85"
30/09/2020,C&M-PMS Prem Actual Rent,,,PRINCE OF WALES ROAD,,33842242,"57,575.00"
30/09/2020,C&M-GMS Global Sum,,,PRIMROSE HILL SURGERY,,34004731,"57,892.55"
30/09/2020,C&M-PMS Contract Value,PRC DELEGATED CO-COMMISSIONING,CROUCH HALL SURGERY,,,33842497,"58,385.73"
30/09/2020,C&M-GMS Global Sum,,,HENDON WAY SURGERY,,34004577,"58,550.12"
30/09/2020,C&M-GMS Global Sum,PRC DELEGATED CO-COMMISSIONING,,,,34023323,"59,781.89"
30/09/2020,C&M-PMS Contract Value,PRC DELEGATED CO-COMMISSIONING,,,,33820436,"59,888.16"
30/09/2020,Hcare Srv Rec Fdtn Trust-Contract Baseline,ACUTE COMMISSIONING,,,,33950035,"59,952.89"
30/09/2020,C&M-PMS Contract Value,,,RILEY HOUSE SURGERY,,33855241,"60,354.18"
30/09/2020,C&M-APMS Contract Value,PRC DELEGATED CO-COMMISSIONING,HURLEY CLINIC,,,33820446,"62,549.09"
30/09/2020,"Performance
Hcare Srv Rec Fdtn Trust-Over/ Under",ACUTE COMMISSIONING,,,,33950020,"62,747.62"
30/09/2020,C&M-GMS Global Sum,PRC DELEGATED CO-COMMISSIONING,,,,34004557,"63,660.98"
30/09/2020,C&M-GMS Global Sum,PRC DELEGATED CO-COMMISSIONING,,,,34004695,"63,793.42"
30/09/2020,C&M-GMS Global Sum,,,AMPTHILL PRACTICE,,34004680,"66,216.47"
30/09/2020,Hcare Srv Rec Fdtn Trust-Contract Baseline,ACUTE COMMISSIONING,,,,33949974,"66,343.49"
30/09/2020,C&M-GMS Global Sum,PRC DELEGATED CO-COMMISSIONING,,,,34004554,"67,072.25"
30/09/2020,C&M-GMS Global Sum,PRC DELEGATED CO-COMMISSIONING,,,,34004559,"67,755.13"
30/09/2020,Clinical&Medical-Commercial Sector,NCAS/OATS,INHEALTH LTD,,,33757636,"69,466.08"
30/09/2020,Clinical&Medical-Commercial Sector,NCAS/OATS,INHEALTH LTD,,,33757751,"69,466.08"
30/09/2020,Clinical&Medical-Commercial Sector,NCAS/OATS,INHEALTH LTD,,,33757813,"69,466.08"
30/09/2020,C&M-GMS Global Sum,PRC DELEGATED CO-COMMISSIONING,PAINTER & PARTNERS,,,34004558,"70,629.00"
30/09/2020,C&M-PMS Contract Value,,,PRINCE OF WALES ROAD,,33842242,"71,291.29"
30/09/2020,Clinical&Medical-Commercial Sector,NCAS/OATS,INHEALTH LTD,,,33757644,"71,935.36"
30/09/2020,Clinical&Medical-Commercial Sector,NCAS/OATS,INHEALTH LTD,,,33757779,"71,935.36"
30/09/2020,Clinical&Medical-Independent Sector,NCAS/OATS,INHEALTH LTD,,,33757790,"71,935.36"
30/09/2020,C&M-GMS Global Sum,,,,,34004713,"72,672.18"
30/09/2020,C&M-GMS Global Sum,PRC DELEGATED CO-COMMISSIONING,,,,34004726,"73,253.77"
30/09/2020,Hcare Srv Rec Fdtn Trust-Contract Baseline,ACUTE COMMISSIONING,,,,33950086,"74,990.63"
30/09/2020,C&M-GMS Global Sum,,,HIGHLANDS PRACTICE,,33999833,"76,765.31"
30/09/2020,Computer Software/License,PRIMARY CARE IT,IPLATO HEALTHCARE LTD,,,33950229,"76,800.00"
30/09/2020,C&M-GMS Global Sum,,,AMWELL PRACTICE,,34004682,"77,416.98"
30/09/2020,Hcare Srv Rec NHS Trust-Contract Variation,ACUTE COMMISSIONING,,,,33891262,"77,900.00"
30/09/2020,"Performance
Clinical&Medical-Independent Sector",COMMUNITY SERVICES,,,,33749516,"79,998.60"
30/09/2020,Clinical&Medical-Independent Sector,COMMUNITY SERVICES,,,,34061279,"79,998.60"
30/09/2020,Clinical&Medical-Independent Sector,GP FORWARD VIEW,ENFIELD ONE LTD,33950817,"166,542.85",,82020
30/09/2020,C&M-APMS Contract Value,PRC DELEGATED CO-COMMISSIONING,,,,33855229,"82,782.56"
30/09/2020,Hcare Srv Rec Fdtn Trust-Contract Baseline,ACUTE COMMISSIONING,,,,33949854,"84,136.23"
30/09/2020,C&M-PMS Contract Value,,,ANGEL SURGERY,,33855262,"86,396.11"
30/09/2020,Hcare Srv Rec Fdtn Trust-Contract Baseline,ACUTE COMMISSIONING,,,,33950050,"89,494.12"
30/09/2020,C&M-GMS Global Sum,,,,,34004688,"89,818.78"
30/09/2020,C&M-PMS Contract Value,,,HOLBORN MEDICAL CENTRE,,33820417,"91,482.64"
30/09/2020,Hcare Srv Rec Fdtn Trust-Prior Year,ACUTE COMMISSIONING,,,,33949941,"91,671.97"
30/09/2020,Clinical&Medical-Independent Sector,GP FORWARD VIEW,ENFIELD ONE LTD,33950815,"166,542.85",,92020
30/09/2020,C&M-GMS Global Sum,,,,,34004686,"94,624.25"
30/09/2020,C&M-PMS Contract Value,,,ABERNETHY HOUSE,,33855261,"96,259.14"
30/09/2020,C&M-PMS Contract Value,,,ARCHWAY PRIMARY CARE TEAM,,33820397,"98,976.65"
30/09/2020,C&M-GMS Global Sum,PRC DELEGATED CO-COMMISSIONING,,,,34004699,"103,010.15"
30/09/2020,Cont Care-Mental Health (<65),CHC ADULT FULLY FUNDED,,RICHMOND FELLOWSHIP,,33789784,"104,898.25"
30/09/2020,Cont Care-Mental Health (<65),CHC ADULT FULLY FUNDED,,RICHMOND FELLOWSHIP,,33850017,"104,898.25"
30/09/2020,C&M-PMS Cost of Drugs -Prescribing,PRESCRIBING,,,,33760245,"108,191.33"
30/09/2020,C&M-PMS Contract Value,,,HIGHGATE GROUP PRACTICE,,33842517,"109,620.56"
30/09/2020,Hcare Srv Rec NHS Trust-Contract Variation,ACUTE COMMISSIONING,,,,33891261,"110,300.00"
30/09/2020,C&M-GMS Global Sum,PRC DELEGATED CO-COMMISSIONING,DR AKUNJEE,,,33999814,"110,786.83"
30/09/2020,Hcare Srv Rec Fdtn Trust-Contract Baseline,ACUTE COMMISSIONING,,,,33949862,"111,082.35"
30/09/2020,Clinical&Medical-Commercial Sector,WHEELCHAIR SERVICE,,AJ MOBILITY LTD,,33915543,"119,560.32"
30/09/2020,Clinical&Medical-Commercial Sector,WHEELCHAIR SERVICE,,AJ MOBILITY LTD,,33915604,"119,560.32"
30/09/2020,Clinical&Medical-Commercial Sector,NCAS/OATS,INHEALTH LTD,,,33757652,"122,620.38"
30/09/2020,Clinical&Medical-Commercial Sector,NCAS/OATS,INHEALTH LTD,,,33757768,"122,620.38"
30/09/2020,Clinical&Medical-Independent Sector,NCAS/OATS,INHEALTH LTD,,,33757796,"122,620.38"
30/09/2020,C&M-GMS Global Sum,PRC DELEGATED CO-COMMISSIONING,,,,34023342,"126,071.78"
30/09/2020,Hcare Srv Rec Fdtn Trust-Prior Year,ACUTE COMMISSIONING,,,,33949947,"128,441.00"
30/09/2020,Hcare Srv Rec Fdtn Trust-Contract Baseline,ACUTE COMMISSIONING,,,,33950091,"128,454.67"
30/09/2020,C&M-PMS Contract Value,,,HAMPSTEAD GROUP PRACTICE,,33820410,"129,682.79"
30/09/2020,Hcare Srv Rec Fdtn Trust-Prior Year,ACUTE COMMISSIONING,,,,33950063,"130,174.89"
30/09/2020,C&M-GMS Global Sum,,,RIDGMOUNT PRACTICE,,34004764,"131,329.11"
30/09/2020,Clinical&Medical-Commercial Sector,COMMUNITY SERVICES,OPTEGRA UK LTD,,,33915381,"135,512.00"
30/09/2020,Clinical&Medical-Commercial Sector,COMMUNITY SERVICES,OPTEGRA UK LTD,,,33915449,"135,512.00"
30/09/2020,Clinical&Medical-Commercial Sector,COMMUNITY SERVICES,OPTEGRA UK LTD,,,33915850,"135,512.00"
30/09/2020,Clinical&Medical-Commercial Sector,COMMUNITY SERVICES,OPTEGRA UK LTD,,,33915855,"135,512.00"
30/09/2020,Clinical&Medical-Commercial Sector,COMMUNITY SERVICES,OPTEGRA UK LTD,,,33929207,"135,512.00"
30/09/2020,Clinical&Medical-Commercial Sector,COMMUNITY SERVICES,OPTEGRA UK LTD,,,33929214,"135,512.00"
30/09/2020,Clinical&Medical-Commercial Sector,COMMUNITY SERVICES,OPTEGRA UK LTD,,,34012804,"135,512.00"
30/09/2020,Hcare Srv Rec Fdtn Trust-Contract Baseline,ACUTE COMMISSIONING,,,,33950082,"136,774.07"
30/09/2020,C&M-GMS Global Sum,,,,,34004741,"140,233.58"
30/09/2020,Hcare Srv Rec Fdtn Trust-Contract Baseline,ACUTE COMMISSIONING,,,,33949867,"141,442.84"
30/09/2020,Clinical&Medical-Commercial Sector,NCAS/OATS,INHEALTH LTD,,,33757648,"145,932.37"
30/09/2020,Clinical&Medical-Commercial Sector,NCAS/OATS,INHEALTH LTD,,,33757757,"145,932.37"
30/09/2020,Clinical&Medical-Commercial Sector,NCAS/OATS,INHEALTH LTD,,,33757803,"145,932.37"
30/09/2020,Clinical&Medical-Commercial Sector,NCAS/OATS,INHEALTH LTD,,,33757656,"149,105.46"
30/09/2020,Clinical&Medical-Commercial Sector,NCAS/OATS,INHEALTH LTD,,,33757746,"149,105.46"
30/09/2020,C&M-GMS Global Sum,PRC DELEGATED CO-COMMISSIONING,,,,34004715,"152,860.45"
30/09/2020,Hcare Srv Rec Fdtn Trust-Contract Baseline,ACUTE COMMISSIONING,,,,33949875,"155,242.70"
30/09/2020,Hcare Srv Rec Fdtn Trust-Prior Year,ACUTE COMMISSIONING,,,,33949933,"156,522.17"
30/09/2020,C&M-GMS Global Sum,,,,,34023327,"163,353.18"
30/09/2020,Hcare Srv Rec Fdtn Trust-Over/ Under,ACUTE COMMISSIONING,,,,33950097,"170,436.16"
30/09/2020,FM Computer Contracts,BUSINESS INFORMATICS,INSIGHT DIRECT (UK) LTD,,,33902383,"184,276.66"
30/09/2020,Hcare Srv Rec Fdtn Trust-Non Contract,ACUTE COMMISSIONING,,,,33949886,"185,979.79"
30/09/2020,National Insurance < 1 yr-NI-EES,BALANCE SHEET,,HMRC,,33891386,"186,704.78"
30/09/2020,Hcare Srv Rec NHS Trust-Contract Variation,ACUTE COMMISSIONING,,,,33891254,"187,800.00"
30/09/2020,"Performance
Hcare Srv Rec Fdtn Trust-Over/ Under",ACUTE COMMISSIONING,,,,33950106,"211,909.33"
30/09/2020,Hcare Srv Rec Fdtn Trust-Contract Baseline,ACUTE COMMISSIONING,,,,33949881,"223,631.08"
30/09/2020,Service Charge,RECHARGES NHS PROPERTY SERVICES LTD,,,,33767489,"250,235.76"
30/09/2020,Service Charge,RECHARGES NHS PROPERTY SERVICES LTD,,,,33767505,"250,235.76"
30/09/2020,Hcare Srv Rec Fdtn Trust-Non Contract,ACUTE COMMISSIONING,,,,33949893,"271,725.28"
30/09/2020,National Insurance < 1 yr-NI- ERS,BALANCE SHEET,,HMRC,,33891386,"282,714.52"
30/09/2020,"Performance
Hcare Srv Rec Fdtn Trust-Contract Baseline",ACUTE COMMISSIONING,,,,33950108,"282,950.50"
30/09/2020,Service Charge,RECHARGES NHS PROPERTY SERVICES LTD,,,,33767782,"296,681.33"
30/09/2020,Service Charge,RECHARGES NHS PROPERTY SERVICES LTD,,,,33767790,"296,681.33"
30/09/2020,Hcare Srv Rec Fdtn Trust-Non Contract,ACUTE COMMISSIONING,,,,33950114,"309,877.43"
30/09/2020,Hcare Srv Rec Fdtn Trust-Contract Baseline,ACUTE COMMISSIONING,,,,33949987,"321,161.09"
30/09/2020,Hcare Srv Rec Fdtn Trust-Contract Baseline,ACUTE COMMISSIONING,,,,33949997,"361,396.64"
30/09/2020,Hcare Srv Rec Fdtn Trust-Contract Baseline,ACUTE COMMISSIONING,,,,33950009,"372,597.51"
30/09/2020,Hcare Srv Rec Fdtn Trust-Contract Baseline,ACUTE COMMISSIONING,,,,33950001,"390,398.02"
30/09/2020,Income tax <1Yr,BALANCE SHEET,,HMRC,,33891386,"423,067.62"
30/09/2020,Clinical&Medical-Independent Sector,HOSPICES,MARIE CURIE,33993327,"400,000.00",626722537,510909
30/09/2020,Clinical&Medical-Independent Sector,HOSPICES,MARIE CURIE,33964851,"400,000.00",626722537,511176
30/09/2020,Hcare Srv Rec NHS Trust-Contract Variation,ACUTE COMMISSIONING,,,,33891256,"666,000.00"
30/09/2020,Clinical&Medical-Othe Public Sector,MENTAL HEALTH SERVICES - OLDER PEOPLE,ISLINGTON COUNCIL,,,33767854,"865,224.18"
30/09/2020,Hcare Srv Rec NHS Trust-Contract Variation,ACUTE COMMISSIONING,,,,33891240,"1,132,100.00"
30/09/2020,Hcare Srv Rec NHS Trust-Contract Variation,ACUTE COMMISSIONING,,,,33891242,"1,385,700.00"
30/09/2020,Hcare Srv Rec NHS Trust-Contract Variation,ACUTE COMMISSIONING,,,,33891243,"1,660,800.00"
30/09/2020,Clinical&Medical-Independent Sector,CARERS,ISLINGTON COUNCIL,,,33747130,"2,525,000.00"
30/09/2020,Hcare Srv Rec NHS Trust-Contract Variation,ACUTE COMMISSIONING,,,,33891252,"18,480,000.00"
