Department Family,Entity,Date,Expense Type,Expense Area,Supplier,Transaction Number,Amount
Department of Health,NHS Redbridge CCG,3/31/2021,Clinical&Medical-Othe Public Sector,INTERMEDIATE CARE,LONDON BOROUGH OF REDBRIDGE,35844275,"341,354.60"
Department of Health,NHS Redbridge CCG,3/31/2021,Social Care-Res Long Stay Exp,INTERMEDIATE CARE,LONDON BOROUGH OF REDBRIDGE,35844285,"240,276.10"
Department of Health,NHS Redbridge CCG,3/31/2021,Clinical&Medical-Othe Public Sector,INTERMEDIATE CARE,LONDON BOROUGH OF REDBRIDGE,35844287,"320,666.00"
Department of Health,NHS Redbridge CCG,3/31/2021,Clinical&Medical-Othe Public Sector,INTERMEDIATE CARE,LONDON BOROUGH OF REDBRIDGE,35844293,"418,043.00"
Department of Health,NHS Redbridge CCG,3/31/2021,Social Care-Res Long Stay Exp,INTERMEDIATE CARE,LONDON BOROUGH OF REDBRIDGE,35844298,"190,494.00"
Department of Health,NHS Redbridge CCG,3/31/2021,Clinical&Medical-Othe Public Sector,INTERMEDIATE CARE,LONDON BOROUGH OF REDBRIDGE,35844302,"333,444.00"
Department of Health,NHS Redbridge CCG,3/31/2021,Clinical&Medical-Othe Public Sector,INTERMEDIATE CARE,LONDON BOROUGH OF REDBRIDGE,35844305,"356,835.53"
Department of Health,NHS Redbridge CCG,3/31/2021,Clinical&Medical-Commercial Sector,PRESCRIBING,NORTH WEST OSTOMY SUPPLIES,35846348,"31,967.17"
Department of Health,NHS Redbridge CCG,3/31/2021,Clinical&Medical-Commercial Sector,PRESCRIBING,NORTH WEST OSTOMY SUPPLIES,35846348,"6,393.40"
Department of Health,NHS Redbridge CCG,3/31/2021,Hcare Srv Rec Fdtn Trust-Non Contract,LEARNING DIFFICULTIES,EAST LONDON NHS FOUNDATION TRUST,35864975,"71,647.00"
Department of Health,NHS Redbridge CCG,3/31/2021,Programme Support Costs,LEARNING DIFFICULTIES,NHS NEWHAM CCG,35864996,"48,000.00"
Department of Health,NHS Redbridge CCG,3/31/2021,Programme Support Costs,LEARNING DIFFICULTIES,NORTH EAST LONDON NHS FOUNDATION TRUST,35896742,"93,000.00"
Department of Health,NHS Redbridge CCG,3/31/2021,Clinical&Medical-Independent Sector,LEARNING DIFFICULTIES,NORTH EAST LONDON NHS FOUNDATION TRUST,35896744,"73,860.00"
Department of Health,NHS Redbridge CCG,3/31/2021,C&M- PCN DES CARE COORDINATOR,PRC DELEGATED CO-COMMISSIONING,HEALTHBRIDGE DIRECT LTD,35902647,"9,318.84"
Department of Health,NHS Redbridge CCG,3/31/2021,C&M-GMS PCN DES Clin Pharmacist,PRC DELEGATED CO-COMMISSIONING,HEALTHBRIDGE DIRECT LTD,35902647,"19,104.30"
Department of Health,NHS Redbridge CCG,3/31/2021,C&M-GMS PCN DES Physiotherapist,PRC DELEGATED CO-COMMISSIONING,HEALTHBRIDGE DIRECT LTD,35902647,"4,278.98"
Department of Health,NHS Redbridge CCG,3/31/2021,C&M-GMS PCN DES Soc Prescribing,PRC DELEGATED CO-COMMISSIONING,HEALTHBRIDGE DIRECT LTD,35902647,"2,949.08"
Department of Health,NHS Redbridge CCG,3/31/2021,C&M-GMS DES Extended Hours Access,PRC DELEGATED CO-COMMISSIONING,HEALTHBRIDGE DIRECT LTD,35903104,"40,611.89"
Department of Health,NHS Redbridge CCG,3/31/2021,C&M-GMS PCN DES PCN support,LOCAL ENHANCED SERVICES,HEALTHBRIDGE DIRECT LTD,35903105,"42,012.39"
Department of Health,NHS Redbridge CCG,3/31/2021,Hlthcre-Foundation Trsts,MENTAL HEALTH CONTRACTS,NORTH EAST LONDON NHS FOUNDATION TRUST,35919096,"1,892,970.00"
Department of Health,NHS Redbridge CCG,3/31/2021,C&M-APMS Contract KPIs,PRC DELEGATED CO-COMMISSIONING,ALDERSBROOK MEDICAL CENTRE,35926853,668.31
Department of Health,NHS Redbridge CCG,3/31/2021,C&M-APMS Contract Value,PRC DELEGATED CO-COMMISSIONING,ALDERSBROOK MEDICAL CENTRE,35926853,"33,793.45"
Department of Health,NHS Redbridge CCG,3/31/2021,C&M-APMS OOH Opt Outs,PRC DELEGATED CO-COMMISSIONING,ALDERSBROOK MEDICAL CENTRE,35926853,3.17
Department of Health,NHS Redbridge CCG,3/31/2021,C&M-APMS PCN DES Participation,PRC DELEGATED CO-COMMISSIONING,ALDERSBROOK MEDICAL CENTRE,35926853,510.85
Department of Health,NHS Redbridge CCG,3/31/2021,C&M-APMS PCO Locum Adop/Pat/Mat,PRC DELEGATED CO-COMMISSIONING,ALDERSBROOK MEDICAL CENTRE,35926853,"2,560.00"
Department of Health,NHS Redbridge CCG,3/31/2021,C&M-APMS Prem Actual Rent,PRC DELEGATED CO-COMMISSIONING,ALDERSBROOK MEDICAL CENTRE,35926853,"3,320.83"
Department of Health,NHS Redbridge CCG,3/31/2021,C&M-APMS Prem Rates,PRC DELEGATED CO-COMMISSIONING,ALDERSBROOK MEDICAL CENTRE,35926853,"1,802.08"
Department of Health,NHS Redbridge CCG,3/31/2021,C&M-APMS Prem Water Rates,PRC DELEGATED CO-COMMISSIONING,ALDERSBROOK MEDICAL CENTRE,35926853,133.25
Department of Health,NHS Redbridge CCG,3/31/2021,C&M-PMS QOF Aspiration,PRC DELEGATED CO-COMMISSIONING,ALDERSBROOK MEDICAL CENTRE,35926853,"2,427.45"
Department of Health,NHS Redbridge CCG,3/31/2021,C&M-PMS Contract Value,PRC DELEGATED CO-COMMISSIONING,CHADWELL HEATH SURGERY,35926855,"63,668.97"
Department of Health,NHS Redbridge CCG,3/31/2021,C&M-PMS PCN DES Participation,PRC DELEGATED CO-COMMISSIONING,CHADWELL HEATH SURGERY,35926855,"1,239.59"
Department of Health,NHS Redbridge CCG,3/31/2021,C&M-PMS Prem Notional Rent,PRC DELEGATED CO-COMMISSIONING,CHADWELL HEATH SURGERY,35926855,"4,333.33"
Department of Health,NHS Redbridge CCG,3/31/2021,C&M-PMS Prem Rates,PRC DELEGATED CO-COMMISSIONING,CHADWELL HEATH SURGERY,35926855,"1,652.94"
Department of Health,NHS Redbridge CCG,3/31/2021,C&M-PMS QOF Aspiration,PRC DELEGATED CO-COMMISSIONING,CHADWELL HEATH SURGERY,35926855,"6,274.37"
Department of Health,NHS Redbridge CCG,3/31/2021,C&M-PMS Contract Value,PRC DELEGATED CO-COMMISSIONING,EVERGREEN SURGERY,35926857,"67,166.52"
Department of Health,NHS Redbridge CCG,3/31/2021,C&M-PMS PCN DES Participation,PRC DELEGATED CO-COMMISSIONING,EVERGREEN SURGERY,35926857,"1,297.72"
Department of Health,NHS Redbridge CCG,3/31/2021,C&M-PMS Prem Notional Rent,PRC DELEGATED CO-COMMISSIONING,EVERGREEN SURGERY,35926857,"4,166.67"
Department of Health,NHS Redbridge CCG,3/31/2021,C&M-PMS Prem Rates,PRC DELEGATED CO-COMMISSIONING,EVERGREEN SURGERY,35926857,"1,164.33"
Department of Health,NHS Redbridge CCG,3/31/2021,C&M-PMS QOF Aspiration,PRC DELEGATED CO-COMMISSIONING,EVERGREEN SURGERY,35926857,"6,003.25"
Department of Health,NHS Redbridge CCG,3/31/2021,C&M-PMS Contract Value,PRC DELEGATED CO-COMMISSIONING,EASTERN AVENUE MEDICAL CENTRE,35926859,"44,223.70"
Department of Health,NHS Redbridge CCG,3/31/2021,C&M-PMS PCN DES Participation,PRC DELEGATED CO-COMMISSIONING,EASTERN AVENUE MEDICAL CENTRE,35926859,855.51
Department of Health,NHS Redbridge CCG,3/31/2021,C&M-PMS Prem Actual Rent,PRC DELEGATED CO-COMMISSIONING,EASTERN AVENUE MEDICAL CENTRE,35926859,"8,267.56"
Department of Health,NHS Redbridge CCG,3/31/2021,C&M-PMS QOF Aspiration,PRC DELEGATED CO-COMMISSIONING,EASTERN AVENUE MEDICAL CENTRE,35926859,"4,011.66"
Department of Health,NHS Redbridge CCG,3/31/2021,C&M-PMS Contract Value,PRC DELEGATED CO-COMMISSIONING,FENCEPIECE ROAD MEDICAL CENTRE,35926861,"43,747.02"
Department of Health,NHS Redbridge CCG,3/31/2021,C&M-PMS PCN DES Participation,PRC DELEGATED CO-COMMISSIONING,FENCEPIECE ROAD MEDICAL CENTRE,35926861,846.32
Department of Health,NHS Redbridge CCG,3/31/2021,C&M-PMS Prem Notional Rent,PRC DELEGATED CO-COMMISSIONING,FENCEPIECE ROAD MEDICAL CENTRE,35926861,"2,275.00"
Department of Health,NHS Redbridge CCG,44286,C&M-PMS QOF Aspiration,PRC DELEGATED CO-COMMISSIONING,FENCEPIECE ROAD MEDICAL CENTRE,35926861,3664.82
Department of Health,NHS Redbridge CCG,44286,C&M-PMS Contract Value,PRC DELEGATED CO-COMMISSIONING,FULLWELL MEDICAL CENTRE,35926863,92841.7
Department of Health,NHS Redbridge CCG,3/31/2021,C&M-PMS PCN DES Participation,PRC DELEGATED CO-COMMISSIONING,FULLWELL MEDICAL CENTRE,35926863,"1,798.59"
Department of Health,NHS Redbridge CCG,3/31/2021,C&M-PMS QOF Aspiration,PRC DELEGATED CO-COMMISSIONING,FULLWELL MEDICAL CENTRE,35926863,"7,094.49"
Department of Health,NHS Redbridge CCG,3/31/2021,C&M-PMS Contract Value,PRC DELEGATED CO-COMMISSIONING,GROVE SURGERY,35926865,"56,807.18"
Department of Health,NHS Redbridge CCG,3/31/2021,C&M-PMS PCN DES Participation,PRC DELEGATED CO-COMMISSIONING,GROVE SURGERY,35926865,"1,082.47"
Department of Health,NHS Redbridge CCG,3/31/2021,C&M-PMS Prem Notional Rent,PRC DELEGATED CO-COMMISSIONING,GROVE SURGERY,35926865,"2,575.00"
Department of Health,NHS Redbridge CCG,44286,C&M-PMS QOF Aspiration,PRC DELEGATED CO-COMMISSIONING,GROVE SURGERY,35926865,4843.74
Department of Health,NHS Redbridge CCG,3/31/2021,C&M-PMS Contract Value,PRC DELEGATED CO-COMMISSIONING,OAK TREE MEDICAL PRACTICEICE,35926869,"102,554.13"
Department of Health,NHS Redbridge CCG,3/31/2021,C&M-PMS PCN DES Participation,PRC DELEGATED CO-COMMISSIONING,OAK TREE MEDICAL PRACTICEICE,35926869,"1,968.76"
Department of Health,NHS Redbridge CCG,3/31/2021,C&M-PMS Prem Notional Rent,PRC DELEGATED CO-COMMISSIONING,OAK TREE MEDICAL PRACTICEICE,35926869,"11,684.00"
Department of Health,NHS Redbridge CCG,3/31/2021,C&M-PMS QOF Aspiration,PRC DELEGATED CO-COMMISSIONING,OAK TREE MEDICAL PRACTICEICE,35926869,"8,427.97"
Department of Health,NHS Redbridge CCG,3/31/2021,C&M-PMS Contract Value,PRC DELEGATED CO-COMMISSIONING,QUEEN MARY PRACTICE,35926871,"31,533.61"
Department of Health,NHS Redbridge CCG,3/31/2021,C&M-PMS PCN DES Participation,PRC DELEGATED CO-COMMISSIONING,QUEEN MARY PRACTICE,35926871,599.06
Department of Health,NHS Redbridge CCG,3/31/2021,C&M-PMS QOF Aspiration,PRC DELEGATED CO-COMMISSIONING,QUEEN MARY PRACTICE,35926871,"2,479.24"
Department of Health,NHS Redbridge CCG,3/31/2021,C&M-PMS Contract Value,PRC DELEGATED CO-COMMISSIONING,SOUTHDENE SURGERY,35926873,"55,354.95"
Department of Health,NHS Redbridge CCG,3/31/2021,C&M-PMS PCN DES Participation,PRC DELEGATED CO-COMMISSIONING,SOUTHDENE SURGERY,35926873,"1,075.25"
Department of Health,NHS Redbridge CCG,3/31/2021,C&M-PMS Prem Notional Rent,PRC DELEGATED CO-COMMISSIONING,SOUTHDENE SURGERY,35926873,"3,720.83"
Department of Health,NHS Redbridge CCG,3/31/2021,C&M-PMS QOF Aspiration,PRC DELEGATED CO-COMMISSIONING,SOUTHDENE SURGERY,35926873,"4,554.70"
Department of Health,NHS Redbridge CCG,3/31/2021,C&M-PMS Contract Value,PRC DELEGATED CO-COMMISSIONING,KENWOOD MEDICAL CENTRE,35926875,"40,371.43"
Department of Health,NHS Redbridge CCG,3/31/2021,C&M-PMS PCN DES Participation,PRC DELEGATED CO-COMMISSIONING,KENWOOD MEDICAL CENTRE,35926875,788.96
Department of Health,NHS Redbridge CCG,3/31/2021,C&M-PMS Prem Actual Rent,PRC DELEGATED CO-COMMISSIONING,KENWOOD MEDICAL CENTRE,35926875,"4,985.78"
Department of Health,NHS Redbridge CCG,3/31/2021,C&M-PMS Prem Clinical Waste,PRC DELEGATED CO-COMMISSIONING,KENWOOD MEDICAL CENTRE,35926875,121.38
Department of Health,NHS Redbridge CCG,3/31/2021,C&M-PMS Prem Rates,PRC DELEGATED CO-COMMISSIONING,KENWOOD MEDICAL CENTRE,35926875,471.97
Department of Health,NHS Redbridge CCG,3/31/2021,C&M-PMS Prem Water Rates,PRC DELEGATED CO-COMMISSIONING,KENWOOD MEDICAL CENTRE,35926875,11.85
Department of Health,NHS Redbridge CCG,3/31/2021,C&M-PMS QOF Aspiration,PRC DELEGATED CO-COMMISSIONING,KENWOOD MEDICAL CENTRE,35926875,"3,543.02"
Department of Health,NHS Redbridge CCG,3/31/2021,C&M-APMS Contract KPIs,PRC DELEGATED CO-COMMISSIONING,AT MEDICS (THE LOXFORD PRACTICE),35926877,"3,440.84"
Department of Health,NHS Redbridge CCG,3/31/2021,C&M-APMS Contract Value,PRC DELEGATED CO-COMMISSIONING,AT MEDICS (THE LOXFORD PRACTICE),35926877,"173,987.44"
Department of Health,NHS Redbridge CCG,3/31/2021,C&M-APMS PCN DES Participation,PRC DELEGATED CO-COMMISSIONING,AT MEDICS (THE LOXFORD PRACTICE),35926877,"2,417.83"
Department of Health,NHS Redbridge CCG,3/31/2021,C&M-APMS Prem Actual Rent,PRC DELEGATED CO-COMMISSIONING,AT MEDICS (THE LOXFORD PRACTICE),35926877,"12,569.13"
Department of Health,NHS Redbridge CCG,3/31/2021,C&M-APMS Prem Rates,PRC DELEGATED CO-COMMISSIONING,AT MEDICS (THE LOXFORD PRACTICE),35926877,"1,535.53"
Department of Health,NHS Redbridge CCG,3/31/2021,C&M-PMS QOF Aspiration,PRC DELEGATED CO-COMMISSIONING,AT MEDICS (THE LOXFORD PRACTICE),35926877,"9,907.10"
Department of Health,NHS Redbridge CCG,3/31/2021,Apprenticeship Levy Payable,BALANCE SHEET,HMRC,35968366,"2,685.00"
Department of Health,NHS Redbridge CCG,3/31/2021,Income tax <1Yr,BALANCE SHEET,HMRC,35968366,"129,212.03"
Department of Health,NHS Redbridge CCG,3/31/2021,Income tax <1Yr-Student Loans,BALANCE SHEET,HMRC,35968366,"2,491.00"
Department of Health,NHS Redbridge CCG,3/31/2021,National Insurance < 1 yr-NI- ERS,BALANCE SHEET,HMRC,35968366,"89,734.79"
Department of Health,NHS Redbridge CCG,3/31/2021,National Insurance < 1 yr-NI-EES,BALANCE SHEET,HMRC,35968366,"61,444.43"
Department of Health,NHS Redbridge CCG,3/31/2021,Post Graduate Loan Payable,BALANCE SHEET,HMRC,35968366,75
Department of Health,NHS Redbridge CCG,3/31/2021,Recovery Notional SHPP,BALANCE SHEET,HMRC,35968366,-556.4
Department of Health,NHS Redbridge CCG,3/31/2021,Statutory Mat Pay < 1 yr,BALANCE SHEET,HMRC,35968366,"-2,086.50"
Department of Health,NHS Redbridge CCG,3/31/2021,Clinical&Medical-Independent Sector,COMMISSIONING SCHEMES,OPTUM HEALTH SOLUTIONS (UK) LTD,35975128,"18,181.31"
Department of Health,NHS Redbridge CCG,3/31/2021,Clinical&Medical-Clinical Other,WHEELCHAIR SERVICE,AJ MOBILITY LTD,35984433,"79,309.40"
Department of Health,NHS Redbridge CCG,3/31/2021,Clinical&Medical-Clinical Other,WHEELCHAIR SERVICE,AJ MOBILITY LTD,35984482,"79,309.40"
Department of Health,NHS Redbridge CCG,3/31/2021,Social Care-Res Long Stay Exp,COMMISSIONING - NON ACUTE,LONDON BOROUGH OF REDBRIDGE,35984530,"1,618,634.00"
Department of Health,NHS Redbridge CCG,3/31/2021,External Data Contracts,PRC DELEGATED CO-COMMISSIONING,EGTON MEDICAL INFORMATION SYSTEMS LTD,35996248,"8,000.00"
Department of Health,NHS Redbridge CCG,3/31/2021,External Data Contracts,PRC DELEGATED CO-COMMISSIONING,EGTON MEDICAL INFORMATION SYSTEMS LTD,35996248,"40,000.00"
Department of Health,NHS Redbridge CCG,3/31/2021,Clinical&Medical-Clinical Other,PRIMARY CARE DEVELOPMENT,HEALTHBRIDGE DIRECT LTD,35999184,"183,315.77"
Department of Health,NHS Redbridge CCG,3/31/2021,Clinical&Medical-Clinical Other,ACUTE COMMISSIONING,MEDEFER LTD,36006409,"31,518.00"
Department of Health,NHS Redbridge CCG,3/31/2021,Clinical&Medical-Clinical Other,ACUTE COMMISSIONING,COMMUNITAS CLINICS LTD,36006410,"37,286.00"
Department of Health,NHS Redbridge CCG,3/31/2021,Clinical&Medical-Independent Sector,CHILD AND ADOLESCENT MENTAL HEALTH,LONDON BOROUGH OF REDBRIDGE,36009805,"40,000.00"
Department of Health,NHS Redbridge CCG,3/31/2021,Clinical&Medical-Othe Public Sector,COMMISSIONING - NON ACUTE,LONDON BOROUGH OF REDBRIDGE,36074595,"125,407.14"
Department of Health,NHS Redbridge CCG,3/31/2021,Clinical&Medical-Independent Sector,MENTAL HEALTH SERVICES - ADULTS,ELYSIUM HEALTHCARE LTD,36074597,"35,371.00"
Department of Health,NHS Redbridge CCG,3/31/2021,Clinical&Medical- Non NHS LES,COMMISSIONING SCHEMES,HEALTHBRIDGE DIRECT LTD,36081339,"88,684.27"
Department of Health,NHS Redbridge CCG,3/31/2021,Clinical&Medical- Non NHS LES,COMMISSIONING SCHEMES,HEALTHBRIDGE DIRECT LTD,36081340,"143,849.62"
Department of Health,NHS Redbridge CCG,3/31/2021,Clinical&Medical- Non NHS LES,COMMISSIONING SCHEMES,HEALTHBRIDGE DIRECT LTD,36081341,"143,849.62"
Department of Health,NHS Redbridge CCG,3/31/2021,C&M-GMS Global Sum,PRC DELEGATED CO-COMMISSIONING,BALFOUR ROAD SURGERY,36086810,"40,642.90"
Department of Health,NHS Redbridge CCG,3/31/2021,C&M-GMS PCN DES Participation,PRC DELEGATED CO-COMMISSIONING,BALFOUR ROAD SURGERY,36086810,770.43
Department of Health,NHS Redbridge CCG,3/31/2021,C&M-GMS Prem Notional Rent,PRC DELEGATED CO-COMMISSIONING,BALFOUR ROAD SURGERY,36086810,"3,225.00"
Department of Health,NHS Redbridge CCG,3/31/2021,C&M-GMS Prem Rates,PRC DELEGATED CO-COMMISSIONING,BALFOUR ROAD SURGERY,36086810,"1,271.42"
Department of Health,NHS Redbridge CCG,3/31/2021,C&M-GMS QOF Aspiration,PRC DELEGATED CO-COMMISSIONING,BALFOUR ROAD SURGERY,36086810,"3,551.72"
Department of Health,NHS Redbridge CCG,3/31/2021,C&M-GMS Global Sum,PRC DELEGATED CO-COMMISSIONING,BROADWAY SURGERY,36086812,"44,134.84"
Department of Health,NHS Redbridge CCG,3/31/2021,C&M-GMS PCN DES Participation,PRC DELEGATED CO-COMMISSIONING,BROADWAY SURGERY,36086812,837.4
Department of Health,NHS Redbridge CCG,3/31/2021,C&M-GMS Prem Notional Rent,PRC DELEGATED CO-COMMISSIONING,BROADWAY SURGERY,36086812,"2,970.83"
Department of Health,NHS Redbridge CCG,44286,C&M-GMS QOF Aspiration,PRC DELEGATED CO-COMMISSIONING,BROADWAY SURGERY,36086812,3450.45
Department of Health,NHS Redbridge CCG,3/31/2021,C&M-GMS Global Sum,PRC DELEGATED CO-COMMISSIONING,CLAYHALL CLINIC,36086814,"69,814.69"
Department of Health,NHS Redbridge CCG,3/31/2021,C&M-GMS PCN DES Participation,PRC DELEGATED CO-COMMISSIONING,CLAYHALL CLINIC,36086814,"1,396.80"
Department of Health,NHS Redbridge CCG,3/31/2021,C&M-GMS Prem Notional Rent,PRC DELEGATED CO-COMMISSIONING,CLAYHALL CLINIC,36086814,"3,691.67"
Department of Health,NHS Redbridge CCG,3/31/2021,C&M-GMS Prem Rates,PRC DELEGATED CO-COMMISSIONING,CLAYHALL CLINIC,36086814,"1,673.73"
Department of Health,NHS Redbridge CCG,3/31/2021,C&M-GMS QOF Aspiration,PRC DELEGATED CO-COMMISSIONING,CLAYHALL CLINIC,36086814,"7,070.18"
Department of Health,NHS Redbridge CCG,3/31/2021,C&M-GMS Global Sum,PRC DELEGATED CO-COMMISSIONING,CRANBROOK SURGERY,36086816,"31,601.16"
Department of Health,NHS Redbridge CCG,3/31/2021,C&M-GMS PCN DES Participation,PRC DELEGATED CO-COMMISSIONING,CRANBROOK SURGERY,36086816,589.6
Department of Health,NHS Redbridge CCG,3/31/2021,C&M-GMS QOF Aspiration,PRC DELEGATED CO-COMMISSIONING,CRANBROOK SURGERY,36086816,"2,826.86"
Department of Health,NHS Redbridge CCG,3/31/2021,C&M-GMS Global Sum,PRC DELEGATED CO-COMMISSIONING,DOCTORS HOUSE,36086818,"54,451.91"
Department of Health,NHS Redbridge CCG,3/31/2021,C&M-GMS PCN DES Participation,PRC DELEGATED CO-COMMISSIONING,DOCTORS HOUSE,36086818,"1,071.97"
Department of Health,NHS Redbridge CCG,3/31/2021,C&M-GMS Prem Actual Rent,PRC DELEGATED CO-COMMISSIONING,DOCTORS HOUSE,36086818,"3,678.70"
Department of Health,NHS Redbridge CCG,3/31/2021,C&M-GMS QOF Aspiration,PRC DELEGATED CO-COMMISSIONING,DOCTORS HOUSE,36086818,"5,564.90"
Department of Health,NHS Redbridge CCG,3/31/2021,C&M-GMS Global Sum,PRC DELEGATED CO-COMMISSIONING,DRIVE SURGERY,36086821,"43,759.17"
Department of Health,NHS Redbridge CCG,3/31/2021,C&M-GMS PCN DES Participation,PRC DELEGATED CO-COMMISSIONING,DRIVE SURGERY,36086821,846.7
Department of Health,NHS Redbridge CCG,3/31/2021,C&M-GMS Prem Notional Rent,PRC DELEGATED CO-COMMISSIONING,DRIVE SURGERY,36086821,"1,395.84"
Department of Health,NHS Redbridge CCG,3/31/2021,C&M-GMS Prem Rates,PRC DELEGATED CO-COMMISSIONING,DRIVE SURGERY,36086821,696.52
Department of Health,NHS Redbridge CCG,3/31/2021,C&M-GMS Prem Water Rates,PRC DELEGATED CO-COMMISSIONING,DRIVE SURGERY,36086821,22.79
Department of Health,NHS Redbridge CCG,3/31/2021,C&M-GMS QOF Aspiration,PRC DELEGATED CO-COMMISSIONING,DRIVE SURGERY,36086821,"4,565.49"
Department of Health,NHS Redbridge CCG,3/31/2021,C&M-GMS Global Sum,PRC DELEGATED CO-COMMISSIONING,ELMHURST PRACTICE,36086823,"31,252.69"
Department of Health,NHS Redbridge CCG,3/31/2021,C&M-GMS PCN DES Participation,PRC DELEGATED CO-COMMISSIONING,ELMHURST PRACTICE,36086823,598.83
Department of Health,NHS Redbridge CCG,3/31/2021,C&M-GMS QOF Aspiration,PRC DELEGATED CO-COMMISSIONING,ELMHURST PRACTICE,36086823,"2,945.53"
Department of Health,NHS Redbridge CCG,3/31/2021,C&M-GMS Global Sum,PRC DELEGATED CO-COMMISSIONING,EASTWOOD MEDICAL CENTRE,36086825,"50,497.92"
Department of Health,NHS Redbridge CCG,3/31/2021,C&M-GMS PCN DES Participation,PRC DELEGATED CO-COMMISSIONING,EASTWOOD MEDICAL CENTRE,36086825,955.4
Department of Health,NHS Redbridge CCG,3/31/2021,C&M-GMS Prem Actual Rent,PRC DELEGATED CO-COMMISSIONING,EASTWOOD MEDICAL CENTRE,36086825,166.67
Department of Health,NHS Redbridge CCG,3/31/2021,C&M-GMS Prem Other,PRC DELEGATED CO-COMMISSIONING,EASTWOOD MEDICAL CENTRE,36086825,166.67
Department of Health,NHS Redbridge CCG,3/31/2021,C&M-GMS Prem Rates,PRC DELEGATED CO-COMMISSIONING,EASTWOOD MEDICAL CENTRE,36086825,"1,736.89"
Department of Health,NHS Redbridge CCG,3/31/2021,C&M-GMS QOF Aspiration,PRC DELEGATED CO-COMMISSIONING,EASTWOOD MEDICAL CENTRE,36086825,"3,869.06"
Department of Health,NHS Redbridge CCG,3/31/2021,C&M-GMS Global Sum,PRC DELEGATED CO-COMMISSIONING,GANTS HILL MEDICAL CENTRE,36086827,"63,687.93"
Department of Health,NHS Redbridge CCG,3/31/2021,C&M-GMS PCN DES Participation,PRC DELEGATED CO-COMMISSIONING,GANTS HILL MEDICAL CENTRE,36086827,"1,233.67"
Department of Health,NHS Redbridge CCG,3/31/2021,C&M-GMS Prem Notional Rent,PRC DELEGATED CO-COMMISSIONING,GANTS HILL MEDICAL CENTRE,36086827,"4,500.00"
Department of Health,NHS Redbridge CCG,3/31/2021,C&M-GMS Prem Rates,PRC DELEGATED CO-COMMISSIONING,GANTS HILL MEDICAL CENTRE,36086827,"2,464.76"
Department of Health,NHS Redbridge CCG,3/31/2021,C&M-GMS QOF Aspiration,PRC DELEGATED CO-COMMISSIONING,GANTS HILL MEDICAL CENTRE,36086827,"5,865.36"
Department of Health,NHS Redbridge CCG,3/31/2021,C&M-GMS DES Minor Surgery,PRC DELEGATED CO-COMMISSIONING,GLEBELANDS PRACTICE,36086829,"1,628.74"
Department of Health,NHS Redbridge CCG,3/31/2021,C&M-GMS Global Sum,PRC DELEGATED CO-COMMISSIONING,GLEBELANDS PRACTICE,36086829,"40,474.59"
Department of Health,NHS Redbridge CCG,3/31/2021,C&M-GMS PCN DES Participation,PRC DELEGATED CO-COMMISSIONING,GLEBELANDS PRACTICE,36086829,816.31
Department of Health,NHS Redbridge CCG,3/31/2021,C&M-GMS Prem Actual Rent,PRC DELEGATED CO-COMMISSIONING,GLEBELANDS PRACTICE,36086829,"3,858.34"
Department of Health,NHS Redbridge CCG,3/31/2021,C&M-GMS Prem Rates,PRC DELEGATED CO-COMMISSIONING,GLEBELANDS PRACTICE,36086829,"1,497.00"
Department of Health,NHS Redbridge CCG,3/31/2021,C&M-GMS QOF Aspiration,PRC DELEGATED CO-COMMISSIONING,GLEBELANDS PRACTICE,36086829,"3,378.88"
Department of Health,NHS Redbridge CCG,3/31/2021,C&M-GMS Global Sum,PRC DELEGATED CO-COMMISSIONING,GOODMAYES MEDICAL CENTRE,36086831,"49,612.41"
Department of Health,NHS Redbridge CCG,3/31/2021,C&M-GMS PCN DES Participation,PRC DELEGATED CO-COMMISSIONING,GOODMAYES MEDICAL CENTRE,36086831,962.39
Department of Health,NHS Redbridge CCG,3/31/2021,C&M-GMS Prem Notional Rent,PRC DELEGATED CO-COMMISSIONING,GOODMAYES MEDICAL CENTRE,36086831,"2,820.83"
Department of Health,NHS Redbridge CCG,3/31/2021,C&M-GMS QOF Aspiration,PRC DELEGATED CO-COMMISSIONING,GOODMAYES MEDICAL CENTRE,36086831,"4,241.62"
Department of Health,NHS Redbridge CCG,3/31/2021,C&M-GMS DES Minor Surgery,PRC DELEGATED CO-COMMISSIONING,GOODMAYES MEDICAL PRACTICE,36086833,"2,949.34"
Department of Health,NHS Redbridge CCG,3/31/2021,C&M-GMS Global Sum,PRC DELEGATED CO-COMMISSIONING,GOODMAYES MEDICAL PRACTICE,36086833,"37,392.86"
Department of Health,NHS Redbridge CCG,3/31/2021,C&M-GMS PCN DES Participation,PRC DELEGATED CO-COMMISSIONING,GOODMAYES MEDICAL PRACTICE,36086833,708.46
Department of Health,NHS Redbridge CCG,3/31/2021,C&M-GMS Prem Notional Rent,PRC DELEGATED CO-COMMISSIONING,GOODMAYES MEDICAL PRACTICE,36086833,"1,787.50"
Department of Health,NHS Redbridge CCG,3/31/2021,C&M-GMS Prem Rates,PRC DELEGATED CO-COMMISSIONING,GOODMAYES MEDICAL PRACTICE,36086833,"1,049.98"
Department of Health,NHS Redbridge CCG,3/31/2021,C&M-GMS QOF Aspiration,PRC DELEGATED CO-COMMISSIONING,GOODMAYES MEDICAL PRACTICE,36086833,"3,601.70"
Department of Health,NHS Redbridge CCG,3/31/2021,C&M-GMS Global Sum,PRC DELEGATED CO-COMMISSIONING,FOREST EDGE PRACTICE,36086835,"97,846.34"
Department of Health,NHS Redbridge CCG,3/31/2021,C&M-GMS PCN DES Participation,PRC DELEGATED CO-COMMISSIONING,FOREST EDGE PRACTICE,36086835,"1,869.59"
Department of Health,NHS Redbridge CCG,3/31/2021,C&M-GMS PCO Locum Adop/Pat/Mat,PRC DELEGATED CO-COMMISSIONING,FOREST EDGE PRACTICE,36086835,"4,300.32"
Department of Health,NHS Redbridge CCG,3/31/2021,C&M-GMS QOF Aspiration,PRC DELEGATED CO-COMMISSIONING,FOREST EDGE PRACTICE,36086835,"7,440.72"
Department of Health,NHS Redbridge CCG,3/31/2021,C&M-GMS Global Sum,PRC DELEGATED CO-COMMISSIONING,GRANVILLE MEDICAL CENTRE,36086841,"46,208.85"
Department of Health,NHS Redbridge CCG,3/31/2021,C&M-GMS PCN DES Participation,PRC DELEGATED CO-COMMISSIONING,GRANVILLE MEDICAL CENTRE,36086841,906.3
Department of Health,NHS Redbridge CCG,3/31/2021,C&M-GMS Prem Notional Rent,PRC DELEGATED CO-COMMISSIONING,GRANVILLE MEDICAL CENTRE,36086841,"3,487.50"
Department of Health,NHS Redbridge CCG,3/31/2021,C&M-GMS Prem Rates,PRC DELEGATED CO-COMMISSIONING,GRANVILLE MEDICAL CENTRE,36086841,"2,209.79"
Department of Health,NHS Redbridge CCG,3/31/2021,C&M-GMS QOF Aspiration,PRC DELEGATED CO-COMMISSIONING,GRANVILLE MEDICAL CENTRE,36086841,"4,361.56"
Department of Health,NHS Redbridge CCG,3/31/2021,C&M-GMS Global Sum,PRC DELEGATED CO-COMMISSIONING,ILFORD LANE SURGERY,36086843,"37,837.91"
Department of Health,NHS Redbridge CCG,3/31/2021,C&M-GMS PCN DES Participation,PRC DELEGATED CO-COMMISSIONING,ILFORD LANE SURGERY,36086843,713.58
Department of Health,NHS Redbridge CCG,3/31/2021,C&M-GMS Prem Actual Rent,PRC DELEGATED CO-COMMISSIONING,ILFORD LANE SURGERY,36086843,"221,688.49"
Department of Health,NHS Redbridge CCG,3/31/2021,C&M-GMS Prem Clinical Waste,PRC DELEGATED CO-COMMISSIONING,ILFORD LANE SURGERY,36086843,627.16
Department of Health,NHS Redbridge CCG,3/31/2021,C&M-GMS Prem Rates,PRC DELEGATED CO-COMMISSIONING,ILFORD LANE SURGERY,36086843,"19,289.61"
Department of Health,NHS Redbridge CCG,3/31/2021,C&M-GMS Prem Water Rates,PRC DELEGATED CO-COMMISSIONING,ILFORD LANE SURGERY,36086843,680
Department of Health,NHS Redbridge CCG,3/31/2021,C&M-GMS QOF Aspiration,PRC DELEGATED CO-COMMISSIONING,ILFORD LANE SURGERY,36086843,"3,768.59"
Department of Health,NHS Redbridge CCG,3/31/2021,C&M-GMS Global Sum,PRC DELEGATED CO-COMMISSIONING,ILFORD MEDICAL CENTRE,36086845,"93,432.92"
Department of Health,NHS Redbridge CCG,3/31/2021,C&M-GMS PCN DES Participation,PRC DELEGATED CO-COMMISSIONING,ILFORD MEDICAL CENTRE,36086845,"1,838.90"
Department of Health,NHS Redbridge CCG,3/31/2021,C&M-GMS Prem Notional Rent,PRC DELEGATED CO-COMMISSIONING,ILFORD MEDICAL CENTRE,36086845,"5,833.33"
Department of Health,NHS Redbridge CCG,3/31/2021,C&M-GMS Prem Rates,PRC DELEGATED CO-COMMISSIONING,ILFORD MEDICAL CENTRE,36086845,"1,642.54"
Department of Health,NHS Redbridge CCG,3/31/2021,C&M-GMS QOF Aspiration,PRC DELEGATED CO-COMMISSIONING,ILFORD MEDICAL CENTRE,36086845,"9,358.72"
Department of Health,NHS Redbridge CCG,3/31/2021,C&M-GMS Global Sum,PRC DELEGATED CO-COMMISSIONING,MATHUKIAS SURGERY,36086847,"66,169.94"
Department of Health,NHS Redbridge CCG,3/31/2021,C&M-GMS PCN DES Participation,PRC DELEGATED CO-COMMISSIONING,MATHUKIAS SURGERY,36086847,"1,294.09"
Department of Health,NHS Redbridge CCG,3/31/2021,C&M-GMS Prem Notional Rent,PRC DELEGATED CO-COMMISSIONING,MATHUKIAS SURGERY,36086847,"2,950.66"
Department of Health,NHS Redbridge CCG,3/31/2021,C&M-GMS Prem Rates,PRC DELEGATED CO-COMMISSIONING,MATHUKIAS SURGERY,36086847,"1,174.73"
Department of Health,NHS Redbridge CCG,3/31/2021,C&M-GMS QOF Aspiration,PRC DELEGATED CO-COMMISSIONING,MATHUKIAS SURGERY,36086847,"5,706.85"
Department of Health,NHS Redbridge CCG,3/31/2021,C&M-GMS Global Sum,PRC DELEGATED CO-COMMISSIONING,NEWBURY GROUP PRACTICE,36086849,"99,777.94"
Department of Health,NHS Redbridge CCG,3/31/2021,C&M-GMS PCN DES Participation,PRC DELEGATED CO-COMMISSIONING,NEWBURY GROUP PRACTICE,36086849,"1,946.32"
Department of Health,NHS Redbridge CCG,3/31/2021,C&M-GMS Prem Actual Rent,PRC DELEGATED CO-COMMISSIONING,NEWBURY GROUP PRACTICE,36086849,"18,169.24"
Department of Health,NHS Redbridge CCG,3/31/2021,C&M-GMS Prem Clinical Waste,PRC DELEGATED CO-COMMISSIONING,NEWBURY GROUP PRACTICE,36086849,235.87
Department of Health,NHS Redbridge CCG,3/31/2021,C&M-GMS Prem Rates,PRC DELEGATED CO-COMMISSIONING,NEWBURY GROUP PRACTICE,36086849,"2,303.27"
Department of Health,NHS Redbridge CCG,3/31/2021,C&M-GMS Prem Water Rates,PRC DELEGATED CO-COMMISSIONING,NEWBURY GROUP PRACTICE,36086849,140.48
Department of Health,NHS Redbridge CCG,3/31/2021,C&M-GMS QOF Aspiration,PRC DELEGATED CO-COMMISSIONING,NEWBURY GROUP PRACTICE,36086849,"8,924.31"
Department of Health,NHS Redbridge CCG,3/31/2021,C&M-GMS Global Sum,PRC DELEGATED CO-COMMISSIONING,PALMS MEDICAL CENTRE,36086851,"52,967.02"
Department of Health,NHS Redbridge CCG,3/31/2021,C&M-GMS PCN DES Participation,PRC DELEGATED CO-COMMISSIONING,PALMS MEDICAL CENTRE,36086851,"1,034.36"
Department of Health,NHS Redbridge CCG,3/31/2021,C&M-GMS Prem Actual Rent,PRC DELEGATED CO-COMMISSIONING,PALMS MEDICAL CENTRE,36086851,387.5
Department of Health,NHS Redbridge CCG,3/31/2021,C&M-GMS Prem Other,PRC DELEGATED CO-COMMISSIONING,PALMS MEDICAL CENTRE,36086851,387.5
Department of Health,NHS Redbridge CCG,3/31/2021,C&M-GMS QOF Aspiration,PRC DELEGATED CO-COMMISSIONING,PALMS MEDICAL CENTRE,36086851,"4,694.90"
Department of Health,NHS Redbridge CCG,3/31/2021,C&M-GMS Global Sum,PRC DELEGATED CO-COMMISSIONING,REDBRIDGE SURGERY,36086853,"22,232.26"
Department of Health,NHS Redbridge CCG,3/31/2021,C&M-GMS PCN DES Participation,PRC DELEGATED CO-COMMISSIONING,REDBRIDGE SURGERY,36086853,425.85
Department of Health,NHS Redbridge CCG,3/31/2021,C&M-GMS PCO Other,PRC DELEGATED CO-COMMISSIONING,REDBRIDGE SURGERY,36086853,"3,149.00"
Department of Health,NHS Redbridge CCG,3/31/2021,C&M-GMS Prem Notional Rent,PRC DELEGATED CO-COMMISSIONING,REDBRIDGE SURGERY,36086853,"1,862.50"
Department of Health,NHS Redbridge CCG,3/31/2021,C&M-GMS Prem Rates,PRC DELEGATED CO-COMMISSIONING,REDBRIDGE SURGERY,36086853,801.8
Department of Health,NHS Redbridge CCG,3/31/2021,C&M-GMS QOF Aspiration,PRC DELEGATED CO-COMMISSIONING,REDBRIDGE SURGERY,36086853,"2,308.72"
Department of Health,NHS Redbridge CCG,3/31/2021,C&M-GMS Global Sum,PRC DELEGATED CO-COMMISSIONING,SEVEN KINGS PRACTICE,36086855,"33,979.70"
Department of Health,NHS Redbridge CCG,3/31/2021,C&M-GMS PCN DES Participation,PRC DELEGATED CO-COMMISSIONING,SEVEN KINGS PRACTICE,36086855,658.58
Department of Health,NHS Redbridge CCG,3/31/2021,C&M-GMS Prem Actual Rent,PRC DELEGATED CO-COMMISSIONING,SEVEN KINGS PRACTICE,36086855,"43,140.90"
Department of Health,NHS Redbridge CCG,3/31/2021,C&M-GMS Prem Clinical Waste,PRC DELEGATED CO-COMMISSIONING,SEVEN KINGS PRACTICE,36086855,421.74
Department of Health,NHS Redbridge CCG,3/31/2021,C&M-GMS Prem Rates,PRC DELEGATED CO-COMMISSIONING,SEVEN KINGS PRACTICE,36086855,"8,970.49"
Department of Health,NHS Redbridge CCG,3/31/2021,C&M-GMS Prem Water Rates,PRC DELEGATED CO-COMMISSIONING,SEVEN KINGS PRACTICE,36086855,892.53
Department of Health,NHS Redbridge CCG,3/31/2021,C&M-GMS QOF Aspiration,PRC DELEGATED CO-COMMISSIONING,SEVEN KINGS PRACTICE,36086855,"3,305.55"
Department of Health,NHS Redbridge CCG,3/31/2021,C&M-GMS Global Sum,PRC DELEGATED CO-COMMISSIONING,ST CLEMENTS SURGERY ILFORD,36086857,"34,998.87"
Department of Health,NHS Redbridge CCG,3/31/2021,C&M-GMS PCN DES Participation,PRC DELEGATED CO-COMMISSIONING,ST CLEMENTS SURGERY ILFORD,36086857,684.05
Department of Health,NHS Redbridge CCG,3/31/2021,C&M-GMS Prem Notional Rent,PRC DELEGATED CO-COMMISSIONING,ST CLEMENTS SURGERY ILFORD,36086857,"2,833.33"
Department of Health,NHS Redbridge CCG,3/31/2021,C&M-GMS Prem Rates,PRC DELEGATED CO-COMMISSIONING,ST CLEMENTS SURGERY ILFORD,36086857,"1,112.35"
Department of Health,NHS Redbridge CCG,3/31/2021,C&M-GMS QOF Aspiration,PRC DELEGATED CO-COMMISSIONING,ST CLEMENTS SURGERY ILFORD,36086857,"3,766.16"
Department of Health,NHS Redbridge CCG,3/31/2021,C&M-GMS Global Sum,PRC DELEGATED CO-COMMISSIONING,WILLOWS PRACTICE,36086859,"50,850.04"
Department of Health,NHS Redbridge CCG,3/31/2021,C&M-GMS PCN DES Participation,PRC DELEGATED CO-COMMISSIONING,WILLOWS PRACTICE,36086859,991.93
Department of Health,NHS Redbridge CCG,3/31/2021,C&M-GMS QOF Aspiration,PRC DELEGATED CO-COMMISSIONING,WILLOWS PRACTICE,36086859,"4,514.55"
Department of Health,NHS Redbridge CCG,3/31/2021,C&M-GMS Global Sum,PRC DELEGATED CO-COMMISSIONING,WANSTEAD PLACE SURGERY,36086861,"66,267.45"
Department of Health,NHS Redbridge CCG,3/31/2021,C&M-GMS PCN DES Participation,PRC DELEGATED CO-COMMISSIONING,WANSTEAD PLACE SURGERY,36086861,"1,270.16"
Department of Health,NHS Redbridge CCG,3/31/2021,C&M-GMS Prem Notional Rent,PRC DELEGATED CO-COMMISSIONING,WANSTEAD PLACE SURGERY,36086861,"2,775.00"
Department of Health,NHS Redbridge CCG,3/31/2021,C&M-GMS QOF Aspiration,PRC DELEGATED CO-COMMISSIONING,WANSTEAD PLACE SURGERY,36086861,"5,358.54"
Department of Health,NHS Redbridge CCG,3/31/2021,C&M-GMS Global Sum,PRC DELEGATED CO-COMMISSIONING,YORK ROAD SURGERY ILFORD,36086863,"51,300.83"
Department of Health,NHS Redbridge CCG,3/31/2021,C&M-GMS PCN DES Participation,PRC DELEGATED CO-COMMISSIONING,YORK ROAD SURGERY ILFORD,36086863,"1,007.86"
Department of Health,NHS Redbridge CCG,3/31/2021,C&M-GMS Prem Notional Rent,PRC DELEGATED CO-COMMISSIONING,YORK ROAD SURGERY ILFORD,36086863,"3,287.58"
Department of Health,NHS Redbridge CCG,3/31/2021,C&M-GMS Prem Rates,PRC DELEGATED CO-COMMISSIONING,YORK ROAD SURGERY ILFORD,36086863,"1,278.69"
Department of Health,NHS Redbridge CCG,3/31/2021,C&M-GMS QOF Aspiration,PRC DELEGATED CO-COMMISSIONING,YORK ROAD SURGERY ILFORD,36086863,"3,693.10"
Department of Health,NHS Redbridge CCG,3/31/2021,C&M-GMS Global Sum,PRC DELEGATED CO-COMMISSIONING,SHARMA AND RAI,36086865,"29,414.69"
Department of Health,NHS Redbridge CCG,3/31/2021,C&M-GMS PCN DES Participation,PRC DELEGATED CO-COMMISSIONING,SHARMA AND RAI,36086865,591.41
Department of Health,NHS Redbridge CCG,3/31/2021,C&M-GMS Prem Notional Rent,PRC DELEGATED CO-COMMISSIONING,SHARMA AND RAI,36086865,"3,164.67"
Department of Health,NHS Redbridge CCG,3/31/2021,C&M-GMS Prem Rates,PRC DELEGATED CO-COMMISSIONING,SHARMA AND RAI,36086865,"1,060.38"
Department of Health,NHS Redbridge CCG,3/31/2021,C&M-GMS QOF Aspiration,PRC DELEGATED CO-COMMISSIONING,SHARMA AND RAI,36086865,"3,054.44"
Department of Health,NHS Redbridge CCG,3/31/2021,Clinical&Medical-Clinical Other,ACUTE COMMISSIONING,DMC HEALTHCARE LTD,36090909,"35,118.62"
Department of Health,NHS Redbridge CCG,3/31/2021,C&M-GMS IT Comm Servs -GP Practices,PRIMARY CARE IT,EGTON MEDICAL INFORMATION SYSTEMS LTD,36091008,"43,200.00"
Department of Health,NHS Redbridge CCG,3/31/2021,Computer Network Costs,IM&T,BT GLOBAL SERVICES,36091021,"92,018.40"
Department of Health,NHS Redbridge CCG,3/31/2021,Miscellaneous Expenditure (L9),PRC DELEGATED CO-COMMISSIONING,DRIVE SURGERY,36097958,"32,996.64"
Department of Health,NHS Redbridge CCG,3/31/2021,C&M-GMS Global Sum,PRC DELEGATED CO-COMMISSIONING,DR PRICE & PARTNERS - RYDAL,36100309,"74,068.07"
Department of Health,NHS Redbridge CCG,3/31/2021,C&M-GMS PCN DES Participation,PRC DELEGATED CO-COMMISSIONING,DR PRICE & PARTNERS - RYDAL,36100309,"1,451.45"
Department of Health,NHS Redbridge CCG,3/31/2021,C&M-GMS PCO Locum Adop/Pat/Mat,PRC DELEGATED CO-COMMISSIONING,DR PRICE & PARTNERS - RYDAL,36100309,"1,968.06"
Department of Health,NHS Redbridge CCG,3/31/2021,C&M-GMS Prem Notional Rent,PRC DELEGATED CO-COMMISSIONING,DR PRICE & PARTNERS - RYDAL,36100309,"5,954.17"
Department of Health,NHS Redbridge CCG,3/31/2021,C&M-GMS QOF Aspiration,PRC DELEGATED CO-COMMISSIONING,DR PRICE & PARTNERS - RYDAL,36100309,"6,828.64"
Department of Health,NHS Redbridge CCG,3/31/2021,C&M-GMS Cost of Drugs -Prescribing,LOCAL ENHANCED SERVICES,GANTS HILL MEDICAL CENTRE,36109483,"64,008.94"
Department of Health,NHS Redbridge CCG,3/31/2021,C&M-GMS Prof Fees Prescribing,PRC DELEGATED CO-COMMISSIONING,GANTS HILL MEDICAL CENTRE,36109483,"13,232.77"
Department of Health,NHS Redbridge CCG,3/31/2021,Hcare Srv Rec NHS Trust-Non Contract,ACUTE COMMISSIONING,BARKING HAVERING AND REDBRIDGE HOSPITALS NHS TRUST,36111023,"7,500,000.00"
Department of Health,NHS Redbridge CCG,3/31/2021,Clinical&Medical-Serv Recd-NHS Trst,ACUTE COMMISSIONING,BARKING HAVERING AND REDBRIDGE HOSPITALS NHS TRUST,36111024,"338,913.98"
Department of Health,NHS Redbridge CCG,3/31/2021,Computer Hardware Purch,NON RECURRENT PROGRAMMES,EUROPEAN ELECTRONIQUE LTD,36112070,"472,226.34"
Department of Health,NHS Redbridge CCG,3/31/2021,Computer Hardware Purch,NON RECURRENT PROGRAMMES,EUROPEAN ELECTRONIQUE LTD,36112070,"94,445.27"
Department of Health,NHS Redbridge CCG,3/31/2021,Computer Hardware Purch,NON RECURRENT PROGRAMMES,EUROPEAN ELECTRONIQUE LTD,36112071,"46,297.99"
Department of Health,NHS Redbridge CCG,44286,Computer Hardware Purch,NON RECURRENT PROGRAMMES,EUROPEAN ELECTRONIQUE LTD,36112071,9259.6
Department of Health,NHS Redbridge CCG,3/31/2021,Computer Hardware Purch,NON RECURRENT PROGRAMMES,EUROPEAN ELECTRONIQUE LTD,36112073,"231,662.90"
Department of Health,NHS Redbridge CCG,3/31/2021,Computer Hardware Purch,NON RECURRENT PROGRAMMES,EUROPEAN ELECTRONIQUE LTD,36112073,"46,332.58"
Department of Health,NHS Redbridge CCG,3/31/2021,Computer Hardware Purch,NON RECURRENT PROGRAMMES,EUROPEAN ELECTRONIQUE LTD,36112074,"700,617.02"
Department of Health,NHS Redbridge CCG,3/31/2021,Computer Hardware Purch,NON RECURRENT PROGRAMMES,EUROPEAN ELECTRONIQUE LTD,36112074,"140,123.40"
Department of Health,NHS Redbridge CCG,3/31/2021,Clinical&Medical-Independent Sector,LEARNING DIFFICULTIES,JEESAL AKMAN CARE CORP LTD,36123420,"58,276.52"
Department of Health,NHS Redbridge CCG,3/31/2021,Computer Hardware Purch,NON RECURRENT PROGRAMMES,EUROPEAN ELECTRONIQUE LTD,36129581,"194,828.40"
Department of Health,NHS Redbridge CCG,3/31/2021,Computer Hardware Purch,NON RECURRENT PROGRAMMES,EUROPEAN ELECTRONIQUE LTD,36129581,"38,965.68"
Department of Health,NHS Redbridge CCG,3/31/2021,Computer Hardware Purch,NON RECURRENT PROGRAMMES,EUROPEAN ELECTRONIQUE LTD,36129582,"188,419.16"
Department of Health,NHS Redbridge CCG,3/31/2021,Computer Hardware Purch,NON RECURRENT PROGRAMMES,EUROPEAN ELECTRONIQUE LTD,36129582,"37,683.83"
Department of Health,NHS Redbridge CCG,3/31/2021,Clinical&Medical-Independent Sector,CLINICAL ASSESSMENT AND TREATMENT CENTRES,INHEALTH LTD,36130573,"-166,529.39"
Department of Health,NHS Redbridge CCG,3/31/2021,Clinical&Medical-Independent Sector,CLINICAL ASSESSMENT AND TREATMENT CENTRES,INHEALTH LTD,36130581,"92,334.70"
Department of Health,NHS Redbridge CCG,3/31/2021,Cont Care-Learning Disab(<65),CHC ADULT FULLY FUNDED,LONDON BOROUGH OF REDBRIDGE,36130605,"62,410.00"
Department of Health,NHS Redbridge CCG,3/31/2021,Computer Hardware Purch,NON RECURRENT PROGRAMMES,EUROPEAN ELECTRONIQUE LTD,36143673,"41,432.13"
Department of Health,NHS Redbridge CCG,3/31/2021,Computer Hardware Purch,NON RECURRENT PROGRAMMES,EUROPEAN ELECTRONIQUE LTD,36143673,"8,286.43"
Department of Health,NHS Redbridge CCG,3/31/2021,Computer Hardware Purch,NON RECURRENT PROGRAMMES,EUROPEAN ELECTRONIQUE LTD,36143678,"28,475.00"
Department of Health,NHS Redbridge CCG,3/31/2021,Computer Hardware Purch,NON RECURRENT PROGRAMMES,EUROPEAN ELECTRONIQUE LTD,36143678,"5,695.00"
Department of Health,NHS Redbridge CCG,3/31/2021,Computer Hardware Purch,NON RECURRENT PROGRAMMES,EUROPEAN ELECTRONIQUE LTD,36143679,"70,491.30"
Department of Health,NHS Redbridge CCG,3/31/2021,Computer Hardware Purch,NON RECURRENT PROGRAMMES,EUROPEAN ELECTRONIQUE LTD,36143679,"14,098.26"
Department of Health,NHS Redbridge CCG,3/31/2021,Computer Hardware Purch,NON RECURRENT PROGRAMMES,EUROPEAN ELECTRONIQUE LTD,36143681,"67,785.08"
Department of Health,NHS Redbridge CCG,3/31/2021,Computer Hardware Purch,NON RECURRENT PROGRAMMES,EUROPEAN ELECTRONIQUE LTD,36143681,"13,557.02"
Department of Health,NHS Redbridge CCG,3/31/2021,Computer Hardware Purch,NON RECURRENT PROGRAMMES,EUROPEAN ELECTRONIQUE LTD,36143683,"45,276.00"
Department of Health,NHS Redbridge CCG,3/31/2021,Computer Hardware Purch,NON RECURRENT PROGRAMMES,EUROPEAN ELECTRONIQUE LTD,36143683,"9,055.20"
Department of Health,NHS Redbridge CCG,44286,Cont Care-Learning Disab(<65),CHC ADULT FULLY FUNDED,LONDON BOROUGH OF REDBRIDGE,36148662,463836
Department of Health,NHS Redbridge CCG,44286,Cont Care-Learning Disab(<65),CHC ADULT FULLY FUNDED,LONDON BOROUGH OF REDBRIDGE,36148676,498726
Department of Health,NHS Redbridge CCG,3/31/2021,Clinical&Medical-Independent Sector,CLINICAL ASSESSMENT AND TREATMENT CENTRES,INHEALTH LTD,36177272,"166,529.39"
Department of Health,NHS Redbridge CCG,3/31/2021,Cont Care-Learning Disab(<65),CHC ADULT FULLY FUNDED,LONDON BOROUGH OF REDBRIDGE,36177294,"115,000.00"
Department of Health,NHS Redbridge CCG,3/31/2021,Other Gen Supplies & Srv,NON RECURRENT PROGRAMMES,NHS SHARED BUSINESS SERVICES LTD,36177305,"109,620.00"
Department of Health,NHS Redbridge CCG,3/31/2021,Clinical&Medical-Independent Sector,CLINICAL ASSESSMENT AND TREATMENT CENTRES,INHEALTH LTD,36177314,"131,799.50"
Department of Health,NHS Redbridge CCG,3/31/2021,Cont Care-Learning Disab(<65),CHC ADULT FULLY FUNDED,LONDON BOROUGH OF REDBRIDGE,36204346,"51,587.00"
Department of Health,NHS Redbridge CCG,3/31/2021,Charges from CSU,NON RECURRENT PROGRAMMES,NHS NEL CSU,36209794,"120,000.00"
Department of Health,NHS Redbridge CCG,3/31/2021,Clinical&Medical-Othe Public Sector,CHILD AND ADOLESCENT MENTAL HEALTH,LONDON BOROUGH OF REDBRIDGE,36213884,"201,000.00"
Department of Health,NHS Redbridge CCG,3/31/2021,Clinical&Medical-Clinical Other,ACUTE COMMISSIONING,EVOLUTIO CARE INNOVATIONS LTD,36213902,"45,899.00"
Department of Health,NHS Redbridge CCG,3/31/2021,Clinical&Medical-Independent Sector,CLINICAL ASSESSMENT AND TREATMENT CENTRES,CONCORDIA AMBULATORY CARE SERVICES LTD,36213917,"98,964.32"
Department of Health,NHS Redbridge CCG,3/31/2021,Hcare Srv Rec Fdtn Trust-Non Contract,NCAS/OATS,HOMERTON UNIVERSITY HOSPITAL NHS FOUNDATION TRUST,36213966,"-37,390.51"
