Department,CCG,Date,Expense Type,Expense Area,Supplier,Transaction Number,Amount
Department of Health,NHS West London CCG,30-Apr-20,Clinical&Medical-Voluntary Sector,COMMUNITY SERVICES,CITY OF WESTMINSTER,32140873,"-544,495.20"
Department of Health,NHS West London CCG,30-Apr-20,Clinical&Medical-Commercial Sector,COMMUNITY SERVICES,HEALTHSHARE LTD,31877373,"-237,500.00"
Department of Health,NHS West London CCG,30-Apr-20,Hcare Srv Rec NHS Trust-Contract Baseline,MENTAL HEALTH CONTRACTS,WEST LONDON NHS TRUST,31818721,"-90,310.00"
Department of Health,NHS West London CCG,30-Apr-20,Clinical&Medical-Serv Recd-F Trsts,CHILD AND ADOLESCENT MENTAL HEALTH,CENTRAL & NORTH WEST LONDON NHS FOUNDATION TRUST,31868904,"-55,000.00"
Department of Health,NHS West London CCG,30-Apr-20,Clinical&Medical-Serv Recd-F Trsts,CHILD AND ADOLESCENT MENTAL HEALTH,CENTRAL & NORTH WEST LONDON NHS FOUNDATION TRUST,31874315,"-50,000.00"
Department of Health,NHS West London CCG,30-Apr-20,ME-GMS GP Prior Year EEs,PRC DELEGATED CO-COMMISSIONING,COLVILLE HEALTH CENTRE,31898536,"-23,521.95"
Department of Health,NHS West London CCG,30-Apr-20,ME - GMS GP Prior Year ERs,PRC DELEGATED CO-COMMISSIONING,COLVILLE HEALTH CENTRE,31898534,"-22,533.86"
Department of Health,NHS West London CCG,30-Apr-20,ME-GMS GP Pension ERs Adjustments,PRC DELEGATED CO-COMMISSIONING,COLVILLE HEALTH CENTRE,31898536,"-2,564.44"
Department of Health,NHS West London CCG,30-Apr-20,ME-GMS GP Pension EEs,PRC DELEGATED CO-COMMISSIONING,COLVILLE HEALTH CENTRE,31898536,"-2,429.17"
Department of Health,NHS West London CCG,30-Apr-20,Statutory Mat Pay < 1 yr,BALANCE SHEET,HMRC,31868904,"-1,367.90"
Department of Health,NHS West London CCG,30-Apr-20,C&M-PMS Prem Water Rates,PRC DELEGATED CO-COMMISSIONING,DR ANIL JOSHI,31813037,20.91
Department of Health,NHS West London CCG,30-Apr-20,C&M-GMS Prof Fees Prescribing,PRC DELEGATED CO-COMMISSIONING,DR S PARAMESHWARAN,31898545,33.11
Department of Health,NHS West London CCG,30-Apr-20,C&M-GMS Prof Fees Prescribing,PRC DELEGATED CO-COMMISSIONING,NORTH KENSINGTON MEDICAL CENTRE,31898570,35.17
Department of Health,NHS West London CCG,30-Apr-20,C&M-GMS Prof Fees Prescribing,PRC DELEGATED CO-COMMISSIONING,EARLS COURT MEDICAL CENTRE,31913992,37.25
Department of Health,NHS West London CCG,30-Apr-20,C&M-GMS Prof Fees Prescribing,PRC DELEGATED CO-COMMISSIONING,GOOD PRACTICE,31898558,41.38
Department of Health,NHS West London CCG,30-Apr-20,C&M-GMS Prof Fees Prescribing,PRC DELEGATED CO-COMMISSIONING,NOTTING HILL MEDICAL CENTRE,31913999,55.86
Department of Health,NHS West London CCG,30-Apr-20,C&M-GMS Prof Fees Prescribing,PRC DELEGATED CO-COMMISSIONING,DRS GARFIELD & SARNICKI,31898549,57.93
Department of Health,NHS West London CCG,30-Apr-20,C&M-GMS Prof Fees Prescribing,PRC DELEGATED CO-COMMISSIONING,ST QUINTIN HEALTH CENTRE,31898580,80.69
Department of Health,NHS West London CCG,30-Apr-20,Apprenticeship Levy Payable,BALANCE SHEET,HMRC,31835889,140
Department of Health,NHS West London CCG,30-Apr-20,C&M-GMS Prof Fees Prescribing,PRC DELEGATED CO-COMMISSIONING,EMPERORS GATE CENTRE FOR HEALTH,31898555,151.04
Department of Health,NHS West London CCG,30-Apr-20,C&M-GMS Cost of Drugs -Prescribing,LOCAL ENHANCED SERVICES,EARLS COURT MEDICAL CENTRE,31908254,160.7
Department of Health,NHS West London CCG,30-Apr-20,ME-PMS GP Prior Year EEs,PRC DELEGATED CO-COMMISSIONING,DRS GILLIES STEEDEN & HUSSEIN,31792901,167.97
Department of Health,NHS West London CCG,30-Apr-20,ME - PMS GP Prior Year ERs,PRC DELEGATED CO-COMMISSIONING,DRS GILLIES STEEDEN & HUSSEIN,31792901,178.87
Department of Health,NHS West London CCG,,C&M-PMS Prem Water Rates,PRC DELEGATED CO-COMMISSIONING,SCARSDALE MEDICAL CENTRE,,198.72
Department of Health,NHS West London CCG,30-Apr-20,Post Graduate Loan Payable,BALANCE SHEET,HMRC,31868904,237
Department of Health,NHS West London CCG,30-Apr-20,C&M-GMS Cost of Drugs -Prescribing,LOCAL ENHANCED SERVICES,DR S PARAMESHWARAN,31898543,265.16
Department of Health,NHS West London CCG,30-Apr-20,C&M-PMS PCN DES Participation,PRC DELEGATED CO-COMMISSIONING,PRACTICE BEACON,31792916,308.25
Department of Health,NHS West London CCG,30-Apr-20,C&M-GMS Cost of Drugs -Prescribing,LOCAL ENHANCED SERVICES,DRS GARFIELD & SARNICKI,31898545,348.33
Department of Health,NHS West London CCG,30-Apr-20,C&M-GMS PCN DES Participation,PRC DELEGATED CO-COMMISSIONING,HEALTH CENTRE LONDON,31898563,348.7
Department of Health,NHS West London CCG,30-Apr-20,C&M-GMS Cost of Drugs -Prescribing,LOCAL ENHANCED SERVICES,NOTTING HILL MEDICAL CENTRE,31913992,364.03
Department of Health,NHS West London CCG,30-Apr-20,C&M-PMS PCN DES Participation,PRC DELEGATED CO-COMMISSIONING,DR ANIL JOSHI,31813037,386.27
Department of Health,NHS West London CCG,30-Apr-20,C&M-GMS PCN DES Participation,PRC DELEGATED CO-COMMISSIONING,ST QUINTIN HEALTH CENTRE,31898580,405.35
Department of Health,NHS West London CCG,30-Apr-20,C&M-GMS PCN DES Participation,PRC DELEGATED CO-COMMISSIONING,NOTTING HILL MEDICAL CENTRE,31913999,439.15
Department of Health,NHS West London CCG,30-Apr-20,C&M-GMS PCN DES Participation,PRC DELEGATED CO-COMMISSIONING,BROMPTON MEDICAL CENTRE LONDON,31898534,442.15
Department of Health,NHS West London CCG,30-Apr-20,C&M-PMS PCN DES Participation,PRC DELEGATED CO-COMMISSIONING,GOLBORNE MEDICAL CENTRE,31798133,442.47
Department of Health,NHS West London CCG,30-Apr-20,C&M-PMS Prem Water Rates,PRC DELEGATED CO-COMMISSIONING,LANCASTER GATE MEDICAL CENTRE,31792909,445.54
Department of Health,NHS West London CCG,30-Apr-20,C&M-GMS Cost of Drugs -Prescribing,LOCAL ENHANCED SERVICES,GOOD PRACTICE,31898555,484.74
Department of Health,NHS West London CCG,30-Apr-20,C&M-GMS Cost of Drugs -Prescribing,LOCAL ENHANCED SERVICES,ST QUINTIN HEALTH CENTRE,31898574,488.27
Department of Health,NHS West London CCG,30-Apr-20,C&M-GMS PCN DES Participation,PRC DELEGATED CO-COMMISSIONING,MEANWHILE GARDEN MEDICAL CENTRE,31898568,490.52
Department of Health,NHS West London CCG,30-Apr-20,C&M-GMS PCN DES Participation,PRC DELEGATED CO-COMMISSIONING,PORTOBELLO MEDICAL CENTRE,31898574,518.4
Department of Health,NHS West London CCG,30-Apr-20,C&M-GMS PCN DES Participation,PRC DELEGATED CO-COMMISSIONING,DR S PARAMESHWARAN,31898545,544.94
Department of Health,NHS West London CCG,30-Apr-20,C&M-GMS Cost of Drugs -Prescribing,LOCAL ENHANCED SERVICES,NORTH KENSINGTON MEDICAL CENTRE,31898568,557.1
Department of Health,NHS West London CCG,30-Apr-20,C&M-GMS PCN DES Participation,PRC DELEGATED CO-COMMISSIONING,DR N AHMED,31898543,563.36
Department of Health,NHS West London CCG,30-Apr-20,C&M-GMS PCN DES Participation,PRC DELEGATED CO-COMMISSIONING,EXMOOR SURGERY,31898551,576.92
Department of Health,NHS West London CCG,30-Apr-20,C&M-PMS PCN DES Participation,PRC DELEGATED CO-COMMISSIONING,GARWAY MEDICAL PRACTICE,31792903,578.52
Department of Health,NHS West London CCG,30-Apr-20,C&M-GMS PCN DES Participation,PRC DELEGATED CO-COMMISSIONING,FORELAND MEDICAL CENTRE,31898560,638.04
Department of Health,NHS West London CCG,30-Apr-20,C&M-APMS PCN DES Participation,PRC DELEGATED CO-COMMISSIONING,BROMPTON MEDICAL CENTRE,31792925,676.56
Department of Health,NHS West London CCG,30-Apr-20,C&M-GMS PCN DES Participation,PRC DELEGATED CO-COMMISSIONING,DRS GARFIELD & SARNICKI,31898549,703.21
Department of Health,NHS West London CCG,30-Apr-20,C&M-PMS PCN DES Participation,PRC DELEGATED CO-COMMISSIONING,LANCASTER GATE MEDICAL CENTRE,31792909,733.6
Department of Health,NHS West London CCG,30-Apr-20,C&M-GMS PCN DES Participation,PRC DELEGATED CO-COMMISSIONING,EMPERORS GATE CENTRE FOR HEALTH,31898555,734.3
Department of Health,NHS West London CCG,30-Apr-20,C&M-GMS PCN DES Participation,PRC DELEGATED CO-COMMISSIONING,GOOD PRACTICE,31898558,753.62
Department of Health,NHS West London CCG,30-Apr-20,C&M-GMS PCN DES Participation,PRC DELEGATED CO-COMMISSIONING,NORTH KENSINGTON MEDICAL CENTRE,31898570,787.62
Department of Health,NHS West London CCG,30-Apr-20,C&M-GMS PCN DES Participation,PRC DELEGATED CO-COMMISSIONING,ELGIN CLINIC,31898553,811.55
Department of Health,NHS West London CCG,30-Apr-20,C&M-PMS PCN DES Participation,PRC DELEGATED CO-COMMISSIONING,DRS RAMASAMY ABBAS & NANNITHAMBY,31792897,843.61
Department of Health,NHS West London CCG,30-Apr-20,C&M-GMS PCN DES Participation,PRC DELEGATED CO-COMMISSIONING,EARLS COURT MEDICAL CENTRE,31913992,868.89
Department of Health,NHS West London CCG,30-Apr-20,C&M-PMS PCN DES Participation,PRC DELEGATED CO-COMMISSIONING,KENSINGTON PARK MEDICAL CENTRE,31792907,950.55
Department of Health,NHS West London CCG,30-Apr-20,C&M-GMS Prof Fees Prescribing,PRC DELEGATED CO-COMMISSIONING,FORELAND MEDICAL CENTRE,31898560,960.02
Department of Health,NHS West London CCG,30-Apr-20,C&M-PMS PCN DES Participation,PRC DELEGATED CO-COMMISSIONING,SCARSDALE MEDICAL CENTRE,31792919,965.05
Department of Health,NHS West London CCG,30-Apr-20,C&M-GMS Prem Water Rates,PRC DELEGATED CO-COMMISSIONING,EMPERORS GATE CENTRE FOR HEALTH,31898555,996.47
Department of Health,NHS West London CCG,30-Apr-20,C&M-GMS Cost of Drugs -Prescribing,LOCAL ENHANCED SERVICES,EMPERORS GATE CENTRE FOR HEALTH,31898553,"1,085.04"
Department of Health,NHS West London CCG,30-Apr-20,C&M-PMS PCN DES Participation,PRC DELEGATED CO-COMMISSIONING,WESTBOURNE GROVE MEDICAL CENTRE,31792922,"1,126.35"
Department of Health,NHS West London CCG,30-Apr-20,C&M-GMS QOF Aspiration,PRC DELEGATED CO-COMMISSIONING,PORTOBELLO MEDICAL CENTRE,31898574,"1,222.85"
Department of Health,NHS West London CCG,30-Apr-20,C&M-PMS PCN DES Participation,PRC DELEGATED CO-COMMISSIONING,DRS RAMSDEN & REID,31792899,"1,246.77"
Department of Health,NHS West London CCG,30-Apr-20,C&M-PMS PCN DES Participation,PRC DELEGATED CO-COMMISSIONING,HOLLAND PARK SURGERY LONDON,31792905,"1,273.79"
Department of Health,NHS West London CCG,30-Apr-20,C&M-PMS PCN DES Participation,PRC DELEGATED CO-COMMISSIONING,PORTLAND ROAD PRACTICE,31792914,"1,283.53"
Department of Health,NHS West London CCG,30-Apr-20,C&M-PMS PCN DES Participation,PRC DELEGATED CO-COMMISSIONING,REDCLIFFE SURGERY,31813039,"1,355.36"
Department of Health,NHS West London CCG,30-Apr-20,C&M-GMS QOF Aspiration,PRC DELEGATED CO-COMMISSIONING,BROMPTON MEDICAL CENTRE LONDON,31898534,"1,448.58"
Department of Health,NHS West London CCG,30-Apr-20,C&M-GMS QOF Aspiration,PRC DELEGATED CO-COMMISSIONING,ST QUINTIN HEALTH CENTRE,31898580,"1,460.00"
Department of Health,NHS West London CCG,30-Apr-20,C&M-PMS DES Patient Participation,PRC DELEGATED CO-COMMISSIONING,PRACTICE BEACON,31792916,"1,526.88"
Department of Health,NHS West London CCG,30-Apr-20,C&M-APMS PCN DES Participation,PRC DELEGATED CO-COMMISSIONING,KINGS ROAD MEDICAL CENTRE,31792910,"1,542.91"
Department of Health,NHS West London CCG,30-Apr-20,C&M-GMS PCN DES Participation,PRC DELEGATED CO-COMMISSIONING,COLVILLE HEALTH CENTRE,31898537,"1,590.44"
Department of Health,NHS West London CCG,30-Apr-20,C&M-GMS DES Patient Participation,PRC DELEGATED CO-COMMISSIONING,HEALTH CENTRE LONDON,31898560,"1,633.78"
Department of Health,NHS West London CCG,30-Apr-20,C&M-PMS PCN DES Participation,PRC DELEGATED CO-COMMISSIONING,DRS GILLIES STEEDEN & HUSSEIN,31792901,"1,642.54"
Department of Health,NHS West London CCG,30-Apr-20,C&M-APMS PCN DES Participation,PRC DELEGATED CO-COMMISSIONING,AT MEDICS LTD BARLBY ROAD,31813036,"1,694.15"
Department of Health,NHS West London CCG,30-Apr-20,C&M-GMS QOF Aspiration,PRC DELEGATED CO-COMMISSIONING,HEALTH CENTRE LONDON,31898563,"1,711.56"
Department of Health,NHS West London CCG,30-Apr-20,C&M-PMS DES Patient Participation,PRC DELEGATED CO-COMMISSIONING,DR ANIL JOSHI,31813037,"1,769.43"
Department of Health,NHS West London CCG,30-Apr-20,Income tax <1Yr-Student Loans,BALANCE SHEET,HMRC,31868904,"1,803.00"
Department of Health,NHS West London CCG,30-Apr-20,C&M-GMS QOF Aspiration,PRC DELEGATED CO-COMMISSIONING,DR N AHMED,31898543,"1,805.30"
Department of Health,NHS West London CCG,,C&M-GMS QOF Aspiration,PRC DELEGATED CO-COMMISSIONING,DR S PARAMESHWARAN,,"1,842.09"
Department of Health,NHS West London CCG,30-Apr-20,C&M-GMS DES Patient Participation,PRC DELEGATED CO-COMMISSIONING,ST QUINTIN HEALTH CENTRE,31898580,"1,905.72"
Department of Health,NHS West London CCG,30-Apr-20,C&M-PMS PCN DES Participation,PRC DELEGATED CO-COMMISSIONING,KNIGHTSBRIDGE MEDICAL CENTRE,31792912,"1,922.78"
Department of Health,NHS West London CCG,30-Apr-20,C&M-PMS DES Patient Participation,PRC DELEGATED CO-COMMISSIONING,GOLBORNE MEDICAL CENTRE,31798133,"1,990.90"
Department of Health,NHS West London CCG,30-Apr-20,C&M-APMS Prem Rates,PRC DELEGATED CO-COMMISSIONING,BROMPTON MEDICAL CENTRE,31792925,"2,047.98"
Department of Health,NHS West London CCG,30-Apr-20,C&M-APMS PCN DES Clinical Director,PRC DELEGATED CO-COMMISSIONING,AT MEDICS LTD BARLBY ROAD,31813036,"2,062.27"
Department of Health,NHS West London CCG,30-Apr-20,C&M-GMS DES Patient Participation,PRC DELEGATED CO-COMMISSIONING,BROMPTON MEDICAL CENTRE LONDON,31888834,"2,066.13"
Department of Health,NHS West London CCG,30-Apr-20,C&M-GMS PCN DES Invest & impact,PRC DELEGATED CO-COMMISSIONING,NOTTING HILL MEDICAL CENTRE,31913999,"2,139.65"
Department of Health,NHS West London CCG,30-Apr-20,C&M-GMS DES Patient Participation,PRC DELEGATED CO-COMMISSIONING,NOTTING HILL MEDICAL CENTRE,31913999,"2,160.25"
Department of Health,NHS West London CCG,30-Apr-20,C&M-GMS PCN DES Clinical Director,PRC DELEGATED CO-COMMISSIONING,NOTTING HILL MEDICAL CENTRE,31913999,"2,305.71"
Department of Health,NHS West London CCG,30-Apr-20,C&M-GMS QOF Aspiration,PRC DELEGATED CO-COMMISSIONING,NOTTING HILL MEDICAL CENTRE,31913999,"2,317.98"
Department of Health,NHS West London CCG,30-Apr-20,C&M-GMS DES Patient Participation,PRC DELEGATED CO-COMMISSIONING,MEANWHILE GARDEN MEDICAL CENTRE,31898563,"2,327.68"
Department of Health,NHS West London CCG,30-Apr-20,C&M-GMS DES Patient Participation,PRC DELEGATED CO-COMMISSIONING,PORTOBELLO MEDICAL CENTRE,31898570,"2,420.16"
Department of Health,NHS West London CCG,30-Apr-20,C&M-PMS PCN DES Participation,PRC DELEGATED CO-COMMISSIONING,GRAND UNION HEALTH CENTRE,31813042,"2,468.34"
Department of Health,NHS West London CCG,30-Apr-20,C&M-GMS PCN DES Invest & impact,PRC DELEGATED CO-COMMISSIONING,EARLS COURT MEDICAL CENTRE,31913992,"2,546.22"
Department of Health,NHS West London CCG,30-Apr-20,C&M-GMS DES Patient Participation,PRC DELEGATED CO-COMMISSIONING,DR S PARAMESHWARAN,31898545,"2,555.71"
Department of Health,NHS West London CCG,30-Apr-20,C&M-GMS DES Patient Participation,PRC DELEGATED CO-COMMISSIONING,DR N AHMED,31898537,"2,556.33"
Department of Health,NHS West London CCG,30-Apr-20,C&M-GMS QOF Aspiration,PRC DELEGATED CO-COMMISSIONING,MEANWHILE GARDEN MEDICAL CENTRE,31898568,"2,589.18"
Department of Health,NHS West London CCG,30-Apr-20,C&M-GMS DES Patient Participation,PRC DELEGATED CO-COMMISSIONING,EXMOOR SURGERY,31898549,"2,629.94"
Department of Health,NHS West London CCG,30-Apr-20,C&M-GMS QOF Aspiration,PRC DELEGATED CO-COMMISSIONING,DRS GARFIELD & SARNICKI,31898549,"2,684.02"
Department of Health,NHS West London CCG,30-Apr-20,C&M-GMS PCN DES Clinical Director,PRC DELEGATED CO-COMMISSIONING,EARLS COURT MEDICAL CENTRE,31913992,"2,743.84"
Department of Health,NHS West London CCG,30-Apr-20,C&M-GMS QOF Aspiration,PRC DELEGATED CO-COMMISSIONING,EXMOOR SURGERY,31898551,"2,806.58"
Department of Health,NHS West London CCG,30-Apr-20,C&M-PMS DES Patient Participation,PRC DELEGATED CO-COMMISSIONING,GARWAY MEDICAL PRACTICE,31792903,"2,845.18"
Department of Health,NHS West London CCG,30-Apr-20,C&M-GMS QOF Aspiration,PRC DELEGATED CO-COMMISSIONING,FORELAND MEDICAL CENTRE,31898560,"2,888.97"
Department of Health,NHS West London CCG,30-Apr-20,C&M-GMS Prem Rates,PRC DELEGATED CO-COMMISSIONING,COLVILLE HEALTH CENTRE,31898537,"2,992.54"
Department of Health,NHS West London CCG,30-Apr-20,C&M-GMS QOF Aspiration,PRC DELEGATED CO-COMMISSIONING,EMPERORS GATE CENTRE FOR HEALTH,31898555,"3,029.88"
Department of Health,NHS West London CCG,30-Apr-20,C&M-GMS QOF Aspiration,PRC DELEGATED CO-COMMISSIONING,NORTH KENSINGTON MEDICAL CENTRE,31898570,"3,030.74"
Department of Health,NHS West London CCG,30-Apr-20,C&M-GMS DES Patient Participation,PRC DELEGATED CO-COMMISSIONING,FORELAND MEDICAL CENTRE,31898560,"3,046.50"
Department of Health,NHS West London CCG,30-Apr-20,C&M-GMS QOF Aspiration,PRC DELEGATED CO-COMMISSIONING,EARLS COURT MEDICAL CENTRE,31913992,"3,129.41"
Department of Health,NHS West London CCG,30-Apr-20,C&M-GMS Prem Notional Rent,PRC DELEGATED CO-COMMISSIONING,DRS GARFIELD & SARNICKI,31898549,"3,150.00"
Department of Health,NHS West London CCG,30-Apr-20,C&M-APMS Other Baseline Adjustment,PRC DELEGATED CO-COMMISSIONING,BROMPTON MEDICAL CENTRE,31792925,"3,155.22"
Department of Health,NHS West London CCG,30-Apr-20,C&M-APMS DES Patient Participation,PRC DELEGATED CO-COMMISSIONING,BROMPTON MEDICAL CENTRE,31792925,"3,230.75"
Department of Health,NHS West London CCG,30-Apr-20,C&M-GMS DES Patient Participation,PRC DELEGATED CO-COMMISSIONING,GOOD PRACTICE,31898558,"3,250.38"
Department of Health,NHS West London CCG,30-Apr-20,C&M-GMS QOF Aspiration,PRC DELEGATED CO-COMMISSIONING,GOOD PRACTICE,31898558,"3,286.10"
Department of Health,NHS West London CCG,30-Apr-20,C&M-GMS DES Patient Participation,PRC DELEGATED CO-COMMISSIONING,DRS GARFIELD & SARNICKI,31898549,"3,337.27"
Department of Health,NHS West London CCG,30-Apr-20,C&M-PMS DES Patient Participation,PRC DELEGATED CO-COMMISSIONING,LANCASTER GATE MEDICAL CENTRE,31792909,"3,337.28"
Department of Health,NHS West London CCG,30-Apr-20,C&M-PMS PCN DES Clinical Director,PRC DELEGATED CO-COMMISSIONING,REDCLIFFE SURGERY,31813039,"3,485.94"
Department of Health,NHS West London CCG,30-Apr-20,C&M-GMS Prem Notional Rent,PRC DELEGATED CO-COMMISSIONING,HEALTH CENTRE LONDON,31898563,"3,495.00"
Department of Health,NHS West London CCG,30-Apr-20,C&M-GMS DES Patient Participation,PRC DELEGATED CO-COMMISSIONING,EMPERORS GATE CENTRE FOR HEALTH,31898555,"3,520.79"
Department of Health,NHS West London CCG,30-Apr-20,C&M-GMS QOF Aspiration,PRC DELEGATED CO-COMMISSIONING,ELGIN CLINIC,31898553,"3,523.31"
Department of Health,NHS West London CCG,30-Apr-20,C&M-PMS PCO Locum Adop/Pat/Mat,PRC DELEGATED CO-COMMISSIONING,HOLLAND PARK SURGERY LONDON,31792905,"3,566.12"
Department of Health,NHS West London CCG,30-Apr-20,C&M-GMS DES Patient Participation,PRC DELEGATED CO-COMMISSIONING,NORTH KENSINGTON MEDICAL CENTRE,31898570,"3,638.45"
Department of Health,NHS West London CCG,30-Apr-20,C&M-PMS Growth,PRC DELEGATED CO-COMMISSIONING,GOLBORNE MEDICAL CENTRE,31798133,"3,712.57"
Department of Health,NHS West London CCG,30-Apr-20,C&M-GMS DES Patient Participation,PRC DELEGATED CO-COMMISSIONING,EARLS COURT MEDICAL CENTRE,31913992,"3,900.18"
Department of Health,NHS West London CCG,30-Apr-20,C&M-GMS DES Patient Participation,PRC DELEGATED CO-COMMISSIONING,ELGIN CLINIC,31898551,"3,904.90"
Department of Health,NHS West London CCG,30-Apr-20,C&M-PMS DES Patient Participation,PRC DELEGATED CO-COMMISSIONING,DRS RAMASAMY ABBAS & NANNITHAMBY,31792897,"3,998.09"
Department of Health,NHS West London CCG,30-Apr-20,C&M-PMS PCN DES Clinical Director,PRC DELEGATED CO-COMMISSIONING,GRAND UNION HEALTH CENTRE,31813042,"4,099.16"
Department of Health,NHS West London CCG,30-Apr-20,C&M-APMS DES Extended Hours Access,PRC DELEGATED CO-COMMISSIONING,AT MEDICS LTD BARLBY ROAD,31813036,"4,141.68"
Department of Health,NHS West London CCG,30-Apr-20,C&M-APMS PCN DES PCN support,LOCAL ENHANCED SERVICES,AT MEDICS LTD BARLBY ROAD,31813036,"4,284.50"
Department of Health,NHS West London CCG,30-Apr-20,C&M-PMS DES Patient Participation,PRC DELEGATED CO-COMMISSIONING,KENSINGTON PARK MEDICAL CENTRE,31792907,"4,372.80"
Department of Health,NHS West London CCG,30-Apr-20,C&M-PMS DES Patient Participation,PRC DELEGATED CO-COMMISSIONING,SCARSDALE MEDICAL CENTRE,31792919,"4,453.99"
Department of Health,NHS West London CCG,30-Apr-20,ME-PMS GP Pension EEs Adjs - PMS,PRC DELEGATED CO-COMMISSIONING,DR ANIL JOSHI,31813037,"4,566.85"
Department of Health,NHS West London CCG,30-Apr-20,C&M-GMS DES Extended Hours Access,PRC DELEGATED CO-COMMISSIONING,NOTTING HILL MEDICAL CENTRE,31913999,"4,630.58"
Department of Health,NHS West London CCG,30-Apr-20,C&M-GMS PCN DES PCN support,LOCAL ENHANCED SERVICES,NOTTING HILL MEDICAL CENTRE,31913999,"4,790.25"
Department of Health,NHS West London CCG,30-Apr-20,ME-PMS GP Pension ERs Adjs - PMS,PRC DELEGATED CO-COMMISSIONING,DR ANIL JOSHI,31813037,"4,864.50"
Department of Health,NHS West London CCG,30-Apr-20,C&M-PMS PCO Other,PRC DELEGATED CO-COMMISSIONING,KENSINGTON PARK MEDICAL CENTRE,31792907,"5,073.00"
Department of Health,NHS West London CCG,30-Apr-20,C&M-GMS Cost of Drugs -Prescribing,LOCAL ENHANCED SERVICES,FORELAND MEDICAL CENTRE,31898558,"5,092.30"
Department of Health,NHS West London CCG,30-Apr-20,C&M-GMS PCO Locum Adop/Pat/Mat,PRC DELEGATED CO-COMMISSIONING,FORELAND MEDICAL CENTRE,31898560,"5,254.56"
Department of Health,NHS West London CCG,30-Apr-20,C&M-PMS DES Patient Participation,PRC DELEGATED CO-COMMISSIONING,WESTBOURNE GROVE MEDICAL CENTRE,31792922,"5,285.77"
Department of Health,NHS West London CCG,30-Apr-20,C&M-GMS DES Extended Hours Access,PRC DELEGATED CO-COMMISSIONING,EARLS COURT MEDICAL CENTRE,31913992,"5,510.48"
Department of Health,NHS West London CCG,30-Apr-20,C&M-GMS PCN DES PCN support,LOCAL ENHANCED SERVICES,EARLS COURT MEDICAL CENTRE,31913992,"5,700.50"
Department of Health,NHS West London CCG,30-Apr-20,C&M-GMS QOF Aspiration,PRC DELEGATED CO-COMMISSIONING,COLVILLE HEALTH CENTRE,31898537,"5,758.64"
Department of Health,NHS West London CCG,30-Apr-20,C&M-PMS DES Patient Participation,PRC DELEGATED CO-COMMISSIONING,HOLLAND PARK SURGERY LONDON,31792905,"5,783.89"
Department of Health,NHS West London CCG,30-Apr-20,C&M-PMS DES Patient Participation,PRC DELEGATED CO-COMMISSIONING,DRS RAMSDEN & REID,31792899,"5,892.82"
Department of Health,NHS West London CCG,30-Apr-20,C&M-PMS DES Patient Participation,PRC DELEGATED CO-COMMISSIONING,PORTLAND ROAD PRACTICE,31792914,"5,961.61"
Department of Health,NHS West London CCG,30-Apr-20,C&M-PMS DES Patient Participation,PRC DELEGATED CO-COMMISSIONING,REDCLIFFE SURGERY,31813039,"6,505.62"
Department of Health,NHS West London CCG,30-Apr-20,C&M-GMS Prem Notional Rent,PRC DELEGATED CO-COMMISSIONING,DR S PARAMESHWARAN,31898545,"6,583.33"
Department of Health,NHS West London CCG,30-Apr-20,C&M-APMS PCN DES Clin Pharmacist,PRC DELEGATED CO-COMMISSIONING,AT MEDICS LTD BARLBY ROAD,31813036,"6,700.19"
Department of Health,NHS West London CCG,30-Apr-20,C&M-GMS PCN DES Clin Pharmacist,PRC DELEGATED CO-COMMISSIONING,EARLS COURT MEDICAL CENTRE,31913992,"6,925.87"
Department of Health,NHS West London CCG,30-Apr-20,C&M-PMS DES Extended Hours Access,PRC DELEGATED CO-COMMISSIONING,REDCLIFFE SURGERY,31813039,"7,000.84"
Department of Health,NHS West London CCG,30-Apr-20,C&M-PMS PCN DES PCN support,LOCAL ENHANCED SERVICES,REDCLIFFE SURGERY,31813039,"7,242.25"
Department of Health,NHS West London CCG,30-Apr-20,C&M-PMS DES Patient Participation,PRC DELEGATED CO-COMMISSIONING,DRS GILLIES STEEDEN & HUSSEIN,31792901,"7,279.32"
Department of Health,NHS West London CCG,30-Apr-20,C&M-GMS PCN DES Clin Pharmacist,PRC DELEGATED CO-COMMISSIONING,NOTTING HILL MEDICAL CENTRE,31913999,"7,292.62"
Department of Health,NHS West London CCG,30-Apr-20,ME-PMS GP Prior Year EEs,PRC DELEGATED CO-COMMISSIONING,DR ANIL JOSHI,31813037,"7,306.96"
Department of Health,NHS West London CCG,30-Apr-20,C&M-GMS DES Patient Participation,PRC DELEGATED CO-COMMISSIONING,COLVILLE HEALTH CENTRE,31898536,"7,500.88"
Department of Health,NHS West London CCG,30-Apr-20,C&M-PMS Growth,PRC DELEGATED CO-COMMISSIONING,DR ANIL JOSHI,31813037,"7,659.66"
Department of Health,NHS West London CCG,30-Apr-20,ME - PMS GP Prior Year ERs,PRC DELEGATED CO-COMMISSIONING,DR ANIL JOSHI,31813037,"7,783.21"
Department of Health,NHS West London CCG,30-Apr-20,C&M-PMS Prem Notional Rent,PRC DELEGATED CO-COMMISSIONING,REDCLIFFE SURGERY,31813039,"8,047.50"
Department of Health,NHS West London CCG,30-Apr-20,C&M-PMS Growth,PRC DELEGATED CO-COMMISSIONING,DRS RAMASAMY ABBAS & NANNITHAMBY,31792897,"8,178.38"
Department of Health,NHS West London CCG,30-Apr-20,C&M-PMS DES Extended Hours Access,PRC DELEGATED CO-COMMISSIONING,GRAND UNION HEALTH CENTRE,31813042,"8,232.38"
Department of Health,NHS West London CCG,30-Apr-20,C&M-PMS PCN DES PCN support,LOCAL ENHANCED SERVICES,GRAND UNION HEALTH CENTRE,31813042,"8,516.25"
Department of Health,NHS West London CCG,30-Apr-20,C&M-PMS Prem Actual Rent,PRC DELEGATED CO-COMMISSIONING,DR ANIL JOSHI,31813037,"8,597.66"
Department of Health,NHS West London CCG,30-Apr-20,C&M-PMS PCN DES Clin Pharmacist,PRC DELEGATED CO-COMMISSIONING,REDCLIFFE SURGERY,31813039,"8,785.84"
Department of Health,NHS West London CCG,30-Apr-20,C&M-PMS DES Patient Participation,PRC DELEGATED CO-COMMISSIONING,KNIGHTSBRIDGE MEDICAL CENTRE,31792912,"9,064.98"
Department of Health,NHS West London CCG,30-Apr-20,C&M-PMS Prem Notional Rent,PRC DELEGATED CO-COMMISSIONING,DRS RAMSDEN & REID,31792899,"10,187.50"
Department of Health,NHS West London CCG,30-Apr-20,C&M-PMS Prem Rates,PRC DELEGATED CO-COMMISSIONING,SCARSDALE MEDICAL CENTRE,31792919,"10,423.65"
Department of Health,NHS West London CCG,30-Apr-20,C&M-PMS PCN DES Clin Pharmacist,PRC DELEGATED CO-COMMISSIONING,GRAND UNION HEALTH CENTRE,31813042,"11,158.58"
Department of Health,NHS West London CCG,30-Apr-20,C&M-PMS DES Patient Participation,PRC DELEGATED CO-COMMISSIONING,GRAND UNION HEALTH CENTRE,31813042,"11,934.65"
Department of Health,NHS West London CCG,30-Apr-20,C&M-PMS Growth,PRC DELEGATED CO-COMMISSIONING,GARWAY MEDICAL PRACTICE,31792903,"12,444.14"
Department of Health,NHS West London CCG,30-Apr-20,C&M-GMS Prem Notional Rent,PRC DELEGATED CO-COMMISSIONING,EARLS COURT MEDICAL CENTRE,31913992,"12,583.33"
Department of Health,NHS West London CCG,30-Apr-20,C&M-PMS Growth,PRC DELEGATED CO-COMMISSIONING,PRACTICE BEACON,31792916,"13,413.36"
Department of Health,NHS West London CCG,30-Apr-20,C&M-PMS Growth,PRC DELEGATED CO-COMMISSIONING,PORTLAND ROAD PRACTICE,31792914,"14,236.72"
Department of Health,NHS West London CCG,30-Apr-20,C&M-PMS Prem Notional Rent,PRC DELEGATED CO-COMMISSIONING,GRAND UNION HEALTH CENTRE,31813042,"14,666.67"
Department of Health,NHS West London CCG,30-Apr-20,C&M-PMS Growth,PRC DELEGATED CO-COMMISSIONING,LANCASTER GATE MEDICAL CENTRE,31792909,"15,345.29"
Department of Health,NHS West London CCG,30-Apr-20,C&M-PMS Prem Actual Rent,PRC DELEGATED CO-COMMISSIONING,KENSINGTON PARK MEDICAL CENTRE,31792907,"15,971.67"
Department of Health,NHS West London CCG,30-Apr-20,C&M-PMS Contract Value,PRC DELEGATED CO-COMMISSIONING,PRACTICE BEACON,31792914,"16,891.37"
Department of Health,NHS West London CCG,30-Apr-20,C&M-GMS Global Sum,PRC DELEGATED CO-COMMISSIONING,HEALTH CENTRE LONDON,31898563,"17,976.62"
Department of Health,NHS West London CCG,30-Apr-20,C&M-PMS Growth,PRC DELEGATED CO-COMMISSIONING,WESTBOURNE GROVE MEDICAL CENTRE,31792922,"18,012.74"
Department of Health,NHS West London CCG,30-Apr-20,C&M-PMS Growth,PRC DELEGATED CO-COMMISSIONING,SCARSDALE MEDICAL CENTRE,31792919,"18,472.45"
Department of Health,NHS West London CCG,30-Apr-20,C&M-PMS Growth,PRC DELEGATED CO-COMMISSIONING,HOLLAND PARK SURGERY LONDON,31792905,"19,304.28"
Department of Health,NHS West London CCG,30-Apr-20,C&M-PMS Contract Value,PRC DELEGATED CO-COMMISSIONING,DR ANIL JOSHI,31813036,"20,218.56"
Department of Health,NHS West London CCG,30-Apr-20,C&M-PMS Prem Healthcentre Rent,PRC DELEGATED CO-COMMISSIONING,SCARSDALE MEDICAL CENTRE,31792919,"20,238.62"
Department of Health,NHS West London CCG,30-Apr-20,C&M-PMS Growth,PRC DELEGATED CO-COMMISSIONING,DRS GILLIES STEEDEN & HUSSEIN,31792901,"20,282.47"
Department of Health,NHS West London CCG,,C&M-GMS Global Sum,PRC DELEGATED CO-COMMISSIONING,ST QUINTIN HEALTH CENTRE,,"20,788.32"
Department of Health,NHS West London CCG,30-Apr-20,C&M-GMS Prem Actual Rent,PRC DELEGATED CO-COMMISSIONING,COLVILLE HEALTH CENTRE,31898537,"21,007.46"
Department of Health,NHS West London CCG,30-Apr-20,C&M-PMS Growth,PRC DELEGATED CO-COMMISSIONING,KENSINGTON PARK MEDICAL CENTRE,31792907,"21,425.50"
Department of Health,NHS West London CCG,30-Apr-20,National Insurance < 1 yr-NI-EES,BALANCE SHEET,HMRC,31868904,"22,264.04"
Department of Health,NHS West London CCG,30-Apr-20,C&M-PMS Growth,PRC DELEGATED CO-COMMISSIONING,REDCLIFFE SURGERY,31813039,"24,080.84"
Department of Health,NHS West London CCG,30-Apr-20,C&M-PMS Growth,PRC DELEGATED CO-COMMISSIONING,DRS RAMSDEN & REID,31792899,"24,191.85"
Department of Health,NHS West London CCG,30-Apr-20,C&M-GMS Global Sum,PRC DELEGATED CO-COMMISSIONING,NOTTING HILL MEDICAL CENTRE,31913999,"24,340.36"
Department of Health,NHS West London CCG,30-Apr-20,C&M-PMS Contract Value,PRC DELEGATED CO-COMMISSIONING,GOLBORNE MEDICAL CENTRE,31792925,"24,348.09"
Department of Health,NHS West London CCG,30-Apr-20,C&M-GMS Global Sum,PRC DELEGATED CO-COMMISSIONING,BROMPTON MEDICAL CENTRE LONDON,31898534,"24,573.10"
Department of Health,NHS West London CCG,30-Apr-20,C&M-GMS Global Sum,PRC DELEGATED CO-COMMISSIONING,MEANWHILE GARDEN MEDICAL CENTRE,31898568,"25,263.16"
Department of Health,NHS West London CCG,30-Apr-20,C&M-PMS Growth,PRC DELEGATED CO-COMMISSIONING,GRAND UNION HEALTH CENTRE,31813042,"27,769.69"
Department of Health,NHS West London CCG,30-Apr-20,C&M-GMS Global Sum,PRC DELEGATED CO-COMMISSIONING,PORTOBELLO MEDICAL CENTRE,31898574,"28,181.10"
Department of Health,NHS West London CCG,30-Apr-20,Clinical&Medical-Commercial Sector,LEARNING DIFFICULTIES,HAZEL HOMES FOR AUTISM LTD,31818715,"28,272.76"
Department of Health,NHS West London CCG,30-Apr-20,C&M-GMS Global Sum,PRC DELEGATED CO-COMMISSIONING,DR N AHMED,31898543,"29,215.06"
Department of Health,NHS West London CCG,30-Apr-20,C&M-GMS Global Sum,PRC DELEGATED CO-COMMISSIONING,DR S PARAMESHWARAN,31898545,"29,866.19"
Department of Health,NHS West London CCG,30-Apr-20,C&M-PMS Contract Value,PRC DELEGATED CO-COMMISSIONING,GARWAY MEDICAL PRACTICE,31792901,"30,008.97"
Department of Health,NHS West London CCG,30-Apr-20,Cont Care- Children,CHC CHILDREN,CITY OF WESTMINSTER,31818697,"30,561.42"
Department of Health,NHS West London CCG,30-Apr-20,Hcare Srv Rec NHS Trust-Contract Baseline,ACUTE COMMISSIONING,ROYAL NATIONAL ORTHOPAEDIC HOSPITAL NHS TRUST,31877368,"30,840.90"
Department of Health,NHS West London CCG,30-Apr-20,C&M-GMS Global Sum,PRC DELEGATED CO-COMMISSIONING,EXMOOR SURGERY,31898551,"31,826.22"
Department of Health,NHS West London CCG,30-Apr-20,C&M-PMS Growth,PRC DELEGATED CO-COMMISSIONING,KNIGHTSBRIDGE MEDICAL CENTRE,31792912,"31,989.54"
Department of Health,NHS West London CCG,30-Apr-20,National Insurance < 1 yr-NI- ERS,BALANCE SHEET,HMRC,31868904,"31,995.08"
Department of Health,NHS West London CCG,30-Apr-20,C&M-GMS Prem Actual Rent,PRC DELEGATED CO-COMMISSIONING,BROMPTON MEDICAL CENTRE LONDON,31898534,"32,500.00"
Department of Health,NHS West London CCG,30-Apr-20,Basic Sal-Rechgs to-from Other NHS,PRIMARY CARE IT,NHS BRENT CCG,31922526,"32,725.00"
Department of Health,NHS West London CCG,30-Apr-20,C&M-GMS Global Sum,PRC DELEGATED CO-COMMISSIONING,FORELAND MEDICAL CENTRE,31898560,"33,061.23"
Department of Health,NHS West London CCG,30-Apr-20,External Consultancy Fees,NON RECURRENT PROGRAMMES,MCFARLANE KNEEBONE CONSULTING PTY LTD,32054865,"33,522.60"
Department of Health,NHS West London CCG,30-Apr-20,C&M-GMS Global Sum,PRC DELEGATED CO-COMMISSIONING,DRS GARFIELD & SARNICKI,31898549,"36,499.10"
Department of Health,NHS West London CCG,30-Apr-20,Clinical&Medical-Serv Recd-F Trsts,CHILD AND ADOLESCENT MENTAL HEALTH,CHELSEA AND WESTMINSTER HOSPITAL NHS FOUNDATION,31913999,"37,500.00"
Department of Health,NHS West London CCG,30-Apr-20,C&M-PMS Contract Value,PRC DELEGATED CO-COMMISSIONING,LANCASTER GATE MEDICAL CENTRE,31792907,"39,379.45"
Department of Health,NHS West London CCG,30-Apr-20,C&M-GMS Global Sum,PRC DELEGATED CO-COMMISSIONING,GOOD PRACTICE,31898558,"39,975.07"
Department of Health,NHS West London CCG,30-Apr-20,C&M-GMS Global Sum,PRC DELEGATED CO-COMMISSIONING,EMPERORS GATE CENTRE FOR HEALTH,31898555,"40,166.58"
Department of Health,NHS West London CCG,30-Apr-20,C&M-GMS Global Sum,PRC DELEGATED CO-COMMISSIONING,NORTH KENSINGTON MEDICAL CENTRE,31898570,"41,353.74"
Department of Health,NHS West London CCG,30-Apr-20,C&M-APMS Contract Value,PRC DELEGATED CO-COMMISSIONING,BROMPTON MEDICAL CENTRE,31792922,"43,029.90"
Department of Health,NHS West London CCG,,C&M-PMS Contract Value,PRC DELEGATED CO-COMMISSIONING,DRS RAMASAMY ABBAS & NANNITHAMBY,,"43,607.64"
Department of Health,NHS West London CCG,30-Apr-20,C&M-GMS Global Sum,PRC DELEGATED CO-COMMISSIONING,ELGIN CLINIC,31898553,"44,193.65"
Department of Health,NHS West London CCG,30-Apr-20,Clinical&Medical-Commercial Sector,COMMISSIONING SCHEMES,KENSINGTON & CHELSEA SOCIAL COUNCIL,31818692,"45,000.00"
Department of Health,NHS West London CCG,30-Apr-20,C&M-GMS Global Sum,PRC DELEGATED CO-COMMISSIONING,EARLS COURT MEDICAL CENTRE,31913992,"47,309.00"
Department of Health,NHS West London CCG,30-Apr-20,Income tax <1Yr,BALANCE SHEET,HMRC,31868904,"49,256.20"
Department of Health,NHS West London CCG,30-Apr-20,C&M-PMS Contract Value,PRC DELEGATED CO-COMMISSIONING,KENSINGTON PARK MEDICAL CENTRE,31792905,"49,442.58"
Department of Health,NHS West London CCG,30-Apr-20,Clinical&Medical-Serv Recd-F Trsts,CHILD AND ADOLESCENT MENTAL HEALTH,CENTRAL & NORTH WEST LONDON NHS FOUNDATION TRUST,31922481,"50,000.00"
Department of Health,NHS West London CCG,30-Apr-20,C&M-PMS Contract Value,PRC DELEGATED CO-COMMISSIONING,SCARSDALE MEDICAL CENTRE,31792916,"50,409.69"
Department of Health,NHS West London CCG,30-Apr-20,Clinical&Medical-Othe Public Sector,CHILD AND ADOLESCENT MENTAL HEALTH,ROYAL BOROUGH OF KENSINGTON&CHELSEA,31813042,"50,832.99"
Department of Health,NHS West London CCG,30-Apr-20,C&M-PMS Prem Actual Rent,PRC DELEGATED CO-COMMISSIONING,HOLLAND PARK SURGERY LONDON,31792905,"52,633.75"
Department of Health,NHS West London CCG,30-Apr-20,Clinical&Medical-Serv Recd-F Trsts,CHILD AND ADOLESCENT MENTAL HEALTH,CENTRAL & NORTH WEST LONDON NHS FOUNDATION TRUST,31922475,"55,000.00"
Department of Health,NHS West London CCG,30-Apr-20,Hcare Srv Rec Fdtn Trust-Non Contract,Winter Resilience,CENTRAL & NORTH WEST LONDON NHS FOUNDATION TRUST,31990584,"58,000.00"
Department of Health,NHS West London CCG,30-Apr-20,Clinical&Medical-Commercial Sector,LEARNING DIFFICULTIES,WESTMINSTER SOCIETY FOR PEOPLE WITH LEARNING,31818701,"58,488.31"
Department of Health,NHS West London CCG,30-Apr-20,Local AuthorityRevenue-Non-Contract,Children's Continuing Care,ROYAL BOROUGH OF KENSINGTON&CHELSEA,32054834,"59,095.24"
Department of Health,NHS West London CCG,30-Apr-20,C&M-PMS Contract Value,PRC DELEGATED CO-COMMISSIONING,WESTBOURNE GROVE MEDICAL CENTRE,31792919,"62,054.06"
Department of Health,NHS West London CCG,30-Apr-20,Clinical&Medical-Commercial Sector,LEARNING DIFFICULTIES,WESTMINSTER SOCIETY FOR PEOPLE WITH LEARNING,31922499,"62,804.79"
Department of Health,NHS West London CCG,30-Apr-20,Hcare Srv Rec Fdtn Trust-Contract Baseline,ACUTE COMMISSIONING,ST GEORGES UNIVERSITY HOSPITALS NHS FOUNDATION TRUST,31877369,"63,509.41"
Department of Health,NHS West London CCG,30-Apr-20,Hcare Srv Rec Fdtn Trust-Contract Baseline,ACUTE COMMISSIONING,KING`S COLLEGE HOSPITAL NHS FOUNDATION TRUST,31877362,"63,966.31"
Department of Health,NHS West London CCG,30-Apr-20,C&M-PMS Contract Value,PRC DELEGATED CO-COMMISSIONING,PORTLAND ROAD PRACTICE,31792912,"66,126.25"
Department of Health,NHS West London CCG,30-Apr-20,Hcare Srv Rec NHS Trust,NON RECURRENT PROGRAMMES,IMPERIAL COLLEGE HEALTHCARE NHS TRUST,32054827,"66,315.00"
Department of Health,NHS West London CCG,30-Apr-20,Cont Care-Physical Disab (65+),CHC ADULT FULLY FUNDED,CHELSEA AND WESTMINSTER HOSPITAL NHS FOUNDATION,31818670,"66,935.00"
Department of Health,NHS West London CCG,30-Apr-20,C&M-PMS Contract Value,PRC DELEGATED CO-COMMISSIONING,HOLLAND PARK SURGERY LONDON,31792903,"66,984.30"
Department of Health,NHS West London CCG,30-Apr-20,C&M-PMS Prem Actual Rent,PRC DELEGATED CO-COMMISSIONING,DRS GILLIES STEEDEN & HUSSEIN,31792901,"68,343.75"
Department of Health,NHS West London CCG,30-Apr-20,C&M-PMS Contract Value,PRC DELEGATED CO-COMMISSIONING,DRS RAMSDEN & REID,31792897,"68,653.44"
Department of Health,NHS West London CCG,30-Apr-20,C&M-PMS Contract Value,PRC DELEGATED CO-COMMISSIONING,REDCLIFFE SURGERY,31813037,"70,195.96"
Department of Health,NHS West London CCG,30-Apr-20,Basic Sal-Rechgs to-from Other NHS,COMMISSIONING - NON ACUTE,NHS BRENT CCG,31922518,"73,370.00"
Department of Health,NHS West London CCG,,Cont Care- Children,CHC CHILDREN,ROYAL BOROUGH OF KENSINGTON&CHELSEA,,"75,000.00"
Department of Health,NHS West London CCG,,Clinical&Medical-Commercial Sector,WHEELCHAIR SERVICE,AJ MOBILITY LTD,,"77,308.49"
Department of Health,NHS West London CCG,30-Apr-20,Hcare Srv Rec NHS CCG-Contract Cost per Case,URGENT CARE,NHS CENTRAL LONDON (WESTMINSTER) CCG,32123247,"77,330.00"
Department of Health,NHS West London CCG,,Clinical&Medical-Commercial Sector,LEARNING DIFFICULTIES,MEDSTAR DOMICILIARY CARE SERVICES LTD,,"78,540.00"
Department of Health,NHS West London CCG,30-Apr-20,Hcare Srv Rec NHS Trust-Contract Baseline,ACUTE COMMISSIONING,BARTS HEALTH NHS TRUST,31875407,"81,785.50"
Department of Health,NHS West London CCG,30-Apr-20,Clinical&Medical-Othe Public Sector,COMMUNITY SERVICES,CITY OF WESTMINSTER,32140870,"82,090.00"
Department of Health,NHS West London CCG,30-Apr-20,C&M-GMS Global Sum,PRC DELEGATED CO-COMMISSIONING,COLVILLE HEALTH CENTRE,31898537,"83,050.04"
Department of Health,NHS West London CCG,30-Apr-20,Clinical&Medical-Voluntary Sector,HOSPICES,ROYAL TRINITY HOSPICE,32054872,"85,507.83"
Department of Health,NHS West London CCG,30-Apr-20,C&M-PMS Contract Value,PRC DELEGATED CO-COMMISSIONING,DRS GILLIES STEEDEN & HUSSEIN,31792899,"85,725.37"
Department of Health,NHS West London CCG,30-Apr-20,Hcare Srv Rec NHS Trust-Contract Baseline,MENTAL HEALTH CONTRACTS,WEST LONDON NHS TRUST,31898580,"90,310.00"
Department of Health,NHS West London CCG,30-Apr-20,Clinical&Medical-Othe Public Sector,CHILD AND ADOLESCENT MENTAL HEALTH,ROYAL BOROUGH OF KENSINGTON&CHELSEA,32054863,"92,625.48"
Department of Health,NHS West London CCG,,Hcare Srv Rec NHS Trust-Contract Baseline,MENTAL HEALTH CONTRACTS,WEST LONDON NHS TRUST,,"92,980.00"
Department of Health,NHS West London CCG,30-Apr-20,Hcare Srv Rec Fdtn Trust-Contract Baseline,ACUTE COMMISSIONING,MOORFIELDS EYE HOSPITAL NHS FOUNDATION TRUST,31877365,"100,061.59"
Department of Health,NHS West London CCG,30-Apr-20,C&M-PMS Contract Value,PRC DELEGATED CO-COMMISSIONING,KNIGHTSBRIDGE MEDICAL CENTRE,31792910,"105,179.86"
Department of Health,NHS West London CCG,30-Apr-20,Programme Support Costs,NON RECURRENT PROGRAMMES,KENSINGTON & CHELSEA SOCIAL COUNCIL,31922513,"115,000.00"
Department of Health,NHS West London CCG,30-Apr-20,C&M-APMS Contract Value,PRC DELEGATED CO-COMMISSIONING,KINGS ROAD MEDICAL CENTRE,31792909,"115,683.31"
Department of Health,NHS West London CCG,30-Apr-20,C&M-APMS Contract Value,PRC DELEGATED CO-COMMISSIONING,AT MEDICS LTD BARLBY ROAD,31798133,"117,980.84"
Department of Health,NHS West London CCG,30-Apr-20,Hcare Srv Rec NHS Trust-Contract Baseline,ACUTE COMMISSIONING,LONDON NORTH WEST HEALTHCARE NHS TRUST,31877364,"124,505.86"
Department of Health,NHS West London CCG,30-Apr-20,Hcare Srv Rec NHS Trust-Contract Baseline,COMMUNITY SERVICES,CENTRAL LONDON COMMUNITY HEALTHCARE NHS TRUST,31874316,"126,653.00"
Department of Health,NHS West London CCG,30-Apr-20,C&M-PMS Contract Value,PRC DELEGATED CO-COMMISSIONING,GRAND UNION HEALTH CENTRE,31813039,"129,145.32"
Department of Health,NHS West London CCG,30-Apr-20,Cont Care- Adult 100% Fully Funded,CHC ADULT FULLY FUNDED,NHS CENTRAL LONDON (WESTMINSTER) CCG,31922518,"129,499.25"
Department of Health,NHS West London CCG,30-Apr-20,Hcare Srv Rec Fdtn Trust-Contract Baseline,ACUTE COMMISSIONING,ROYAL FREE LONDON NHS FOUNDATION TRUST,31877367,"139,126.73"
Department of Health,NHS West London CCG,30-Apr-20,Clinical&Medical-Voluntary Sector,COMMUNITY SERVICES,NHS CENTRAL LONDON (WESTMINSTER) CCG,31922515,"139,671.00"
Department of Health,NHS West London CCG,30-Apr-20,Basic Sal-Rechgs to-from Other NHS,CONTRACT MANAGEMENT,NHS BRENT CCG,31922526,"154,859.00"
Department of Health,NHS West London CCG,30-Apr-20,Hcare Srv Rec Fdtn Trust-Contract Baseline,ACUTE COMMISSIONING,ROYAL BROMPTON & HAREFIELD NHS FOUNDATION TRUST,31877366,"184,245.82"
Department of Health,NHS West London CCG,30-Apr-20,Hcare Srv Rec Fdtn Trust-Contract Baseline,ACUTE COMMISSIONING,ROYAL MARSDEN NHS FOUNDATION TRUST (THE),31877370,"199,666.27"
Department of Health,NHS West London CCG,,Hcare Srv Rec NHS Trust,COMMUNITY SERVICES,IMPERIAL COLLEGE HEALTHCARE NHS TRUST,,"225,000.00"
Department of Health,NHS West London CCG,30-Apr-20,Clinical&Medical-Commercial Sector,COMMUNITY SERVICES,HEALTHSHARE LTD,31922494,"237,500.00"
Department of Health,NHS West London CCG,,Hcare Srv Rec Fdtn Trust-Contract Baseline,ACUTE COMMISSIONING,GUYS & ST THOMAS HOSPITAL NHS FOUNDATION TRUST,,"251,296.22"
Department of Health,NHS West London CCG,,Clinical&Medical-Commercial Sector,COMMUNITY SERVICES,HEALTHSHARE LTD,,"261,695.00"
Department of Health,NHS West London CCG,30-Apr-20,Clinical&Medical-Voluntary Sector,COMMUNITY SERVICES,CITY OF WESTMINSTER,32140868,"264,151.00"
Department of Health,NHS West London CCG,30-Apr-20,Clinical&Medical-Othe Public Sector,CHILD AND ADOLESCENT MENTAL HEALTH,HAMMERSMITH & FULHAM ASSOCIATION FOR MENTAL HEALTH -,31922483,"300,143.00"
Department of Health,NHS West London CCG,30-Apr-20,Clinical&Medical-Othe Public Sector,COMMUNITY SERVICES,CITY OF WESTMINSTER,32140861,"484,721.00"
Department of Health,NHS West London CCG,30-Apr-20,Clinical&Medical-Independent Sector,NON RECURRENT PROGRAMMES,LONDON MEDICAL ASSOCIATES LTD,31922511,"500,000.00"
Department of Health,NHS West London CCG,30-Apr-20,Hcare Srv Rec Fdtn Trust-Contract Baseline,ACUTE COMMISSIONING,UNIVERSITY COLLEGE LONDON HOSPITALS NHS FOUNDATION,31877371,"502,672.86"
Department of Health,NHS West London CCG,30-Apr-20,Clinical&Medical-Othe Public Sector,GENERAL RESERVE - PROGRAMME,CITY OF WESTMINSTER,32123282,"544,495.20"
Department of Health,NHS West London CCG,,Clinical&Medical-Othe Public Sector,PROGRAMME PROJECTS,ROYAL BOROUGH OF KENSINGTON&CHELSEA,,"800,000.00"
Department of Health,NHS West London CCG,,Clinical&Medical-Othe Public Sector,COMMUNITY SERVICES,CITY OF WESTMINSTER,,"850,090.00"
Department of Health,NHS West London CCG,30-Apr-20,Hcare Srv Rec NHS Trust-Contract Baseline,AMBULANCE SERVICES,LONDON AMBULANCE SERVICE NHS TRUST,31877363,"881,707.06"
Department of Health,NHS West London CCG,30-Apr-20,Clinical&Medical-Othe Public Sector,PROGRAMME PROJECTS,ROYAL BOROUGH OF KENSINGTON&CHELSEA,31922491,"1,000,000.00"
Department of Health,NHS West London CCG,30-Apr-20,Hcare Srv Rec Fdtn Trust-Non Contract,NON RECURRENT PROGRAMMES,CENTRAL & NORTH WEST LONDON NHS FOUNDATION TRUST,31990581,"1,003,884.00"
Department of Health,NHS West London CCG,30-Apr-20,Clinical&Medical-Othe Public Sector,GENERAL RESERVE - PROGRAMME,ROYAL BOROUGH OF KENSINGTON&CHELSEA,31922526,"1,200,000.00"
Department of Health,NHS West London CCG,30-Apr-20,Miscellaneous Expenditure (L9),PROGRAMME PROJECTS,NHS CENTRAL LONDON (WESTMINSTER) CCG,31818709,"1,625,000.00"
Department of Health,NHS West London CCG,30-Apr-20,Hcare Srv Rec NHS Trust-Contract Baseline,COMMUNITY SERVICES,CENTRAL LONDON COMMUNITY HEALTHCARE NHS TRUST,31877357,"2,448,653.00"
Department of Health,NHS West London CCG,30-Apr-20,Hcare Srv Rec Fdtn Trust-Contract Baseline,MENTAL HEALTH CONTRACTS,CENTRAL & NORTH WEST LONDON NHS FOUNDATION TRUST,31877355,"4,858,382.00"
Department of Health,NHS West London CCG,30-Apr-20,Hcare Srv Rec Fdtn Trust-Contract Baseline,ACUTE COMMISSIONING,CHELSEA AND WESTMINSTER HOSPITAL NHS FOUNDATION,31877358,"5,012,445.83"
Department of Health,NHS West London CCG,30-Apr-20,Hcare Srv Rec NHS Trust-Contract Baseline,ACUTE COMMISSIONING,IMPERIAL COLLEGE HEALTHCARE NHS TRUST,31877361,"7,245,212.76"
