Department,CCG,Date,Expense Area,Expense Typoe,Supplier,Transaction number,Amount
Department of Health,NHS Central London CCG,31-Aug-20,Clinical&Medical-Othe Public Sector,COMMUNITY SERVICES,CITY OF WESTMINSTER,33714769,"-1,883,948.00"
Department of Health,NHS Central London CCG,31-Aug-20,C&M-APMS Contract Value,PRC DELEGATED CO-COMMISSIONING,AT MEDICS STREATHAM PLACE,33486130,"-68,560.80"
Department of Health,NHS Central London CCG,31-Aug-20,C&M-APMS Contract Value,PRC DELEGATED CO-COMMISSIONING,SOHO SQUARE GENERAL PRACTICE,33486127,"-34,945.23"
Department of Health,NHS Central London CCG,31-Aug-20,C&M-APMS Contract Value,PRC DELEGATED CO-COMMISSIONING,HOMELESS HEALTH CIC,33486133,"-34,662.09"
Department of Health,NHS Central London CCG,31-Aug-20,ME - PMS GP Prior Year ERs,PRC DELEGATED CO-COMMISSIONING,PADDINGTON GREEN HEALTH CENTRE,33486125,"-8,300.96"
Department of Health,NHS Central London CCG,31-Aug-20,Statutory Mat Pay < 1 yr,BALANCE SHEET,HMRC,33551147,"-8,219.88"
Department of Health,NHS Central London CCG,31-Aug-20,ME-PMS GP Prior Year EEs,PRC DELEGATED CO-COMMISSIONING,PADDINGTON GREEN HEALTH CENTRE,33486126,"-8,065.93"
Department of Health,NHS Central London CCG,31-Aug-20,ME-GMS GP Prior Year EEs,PRC DELEGATED CO-COMMISSIONING,VICTORIA MEDICAL CENTRE,33585932,"-7,903.95"
Department of Health,NHS Central London CCG,31-Aug-20,ME - GMS GP Prior Year ERs,PRC DELEGATED CO-COMMISSIONING,VICTORIA MEDICAL CENTRE,33585931,"-7,696.27"
Department of Health,NHS Central London CCG,31-Aug-20,ME-GMS GP Pension ERs Adjustments,PRC DELEGATED CO-COMMISSIONING,VICTORIA MEDICAL CENTRE,33585932,"-6,773.30"
Department of Health,NHS Central London CCG,31-Aug-20,C&M-APMS OOH Opt Outs,PRC DELEGATED CO-COMMISSIONING,AT MEDICS STREATHAM PLACE,33486132,"-6,388.60"
Department of Health,NHS Central London CCG,31-Aug-20,ME-PMS GP Pension ERs Adjs - PMS,PRC DELEGATED CO-COMMISSIONING,PADDINGTON GREEN HEALTH CENTRE,33486126,"-5,171.87"
Department of Health,NHS Central London CCG,31-Aug-20,ME-GMS GP Pension EEs,PRC DELEGATED CO-COMMISSIONING,VICTORIA MEDICAL CENTRE,33585932,"-4,524.55"
Department of Health,NHS Central London CCG,31-Aug-20,ME-PMS GP Pension EEs-PMS,PRC DELEGATED CO-COMMISSIONING,PADDINGTON GREEN HEALTH CENTRE,33486126,"-3,976.71"
Department of Health,NHS Central London CCG,31-Aug-20,C&M-APMS OOH Opt Outs,PRC DELEGATED CO-COMMISSIONING,SOHO SQUARE GENERAL PRACTICE,33486128,"-2,916.36"
Department of Health,NHS Central London CCG,31-Aug-20,ME-PMS GP Prior Year AVCs,PRC DELEGATED CO-COMMISSIONING,PADDINGTON GREEN HEALTH CENTRE,33486126,"-2,303.27"
Department of Health,NHS Central London CCG,31-Aug-20,C&M-APMS QOF Achievement,PRC DELEGATED CO-COMMISSIONING,SOHO SQUARE GENERAL PRACTICE,33486128,"-2,280.50"
Department of Health,NHS Central London CCG,31-Aug-20,ME-PMS GP Pension ERs Adjs - PMS,PRC DELEGATED CO-COMMISSIONING,AT MEDICS STREATHAM PLACE,33486132,"-1,402.05"
Department of Health,NHS Central London CCG,31-Aug-20,ME-PMS GP Pension EEs-PMS,PRC DELEGATED CO-COMMISSIONING,AT MEDICS STREATHAM PLACE,33486132,"-1,218.75"
Department of Health,NHS Central London CCG,31-Aug-20,C&M-APMS OOH Opt Outs,PRC DELEGATED CO-COMMISSIONING,HOMELESS HEALTH CIC,33486134,-310.58
Department of Health,NHS Central London CCG,31-Aug-20,C&M-GMS Prof Fees Prescribing,PRC DELEGATED CO-COMMISSIONING,MAIDA VALE MEDICAL CENTRE (THE),33585928,2.3
Department of Health,NHS Central London CCG,31-Aug-20,C&M-GMS Prof Fees Prescribing,PRC DELEGATED CO-COMMISSIONING,LITTLE VENICE MEDICAL CENTRE,33599223,2.3
Department of Health,NHS Central London CCG,31-Aug-20,C&M-GMS Prof Fees Prescribing,PRC DELEGATED CO-COMMISSIONING,SOHO SQUARE SURGERY,33585930,4.61
Department of Health,NHS Central London CCG,31-Aug-20,C&M-GMS Cost of Drugs -Prescribing,LOCAL ENHANCED SERVICES,LITTLE VENICE MEDICAL CENTRE,33585936,9.06
Department of Health,NHS Central London CCG,31-Aug-20,C&M-GMS Cost of Drugs -Prescribing,LOCAL ENHANCED SERVICES,MAIDA VALE MEDICAL CENTRE (THE),33585926,9.67
Department of Health,NHS Central London CCG,,C&M-GMS Prof Fees Prescribing,PRC DELEGATED CO-COMMISSIONING,PIMLICO HEALTH AT THE MARVEN SURGERY,,16.12
Department of Health,NHS Central London CCG,31-Aug-20,C&M-GMS Cost of Drugs -Prescribing,LOCAL ENHANCED SERVICES,SOHO SQUARE SURGERY,33585928,18.13
Department of Health,NHS Central London CCG,31-Aug-20,C&M-GMS Prof Fees Prescribing,PRC DELEGATED CO-COMMISSIONING,CRAWFORD STREET SURGERY,33585936,29.94
Department of Health,NHS Central London CCG,31-Aug-20,C&M-GMS Prof Fees Prescribing,PRC DELEGATED CO-COMMISSIONING,DR VICTORIA MUIRS PRACTICE,33585916,46.06
Department of Health,NHS Central London CCG,31-Aug-20,C&M-APMS PCN DES Participation,PRC DELEGATED CO-COMMISSIONING,HOMELESS HEALTH CIC,33486135,65.03
Department of Health,NHS Central London CCG,31-Aug-20,C&M-GMS Prof Fees Prescribing,PRC DELEGATED CO-COMMISSIONING,VICTORIA MEDICAL CENTRE,33599230,76
Department of Health,NHS Central London CCG,31-Aug-20,C&M-GMS Cost of Drugs -Prescribing,LOCAL ENHANCED SERVICES,VICTORIA MEDICAL CENTRE,33599223,102.98
Department of Health,NHS Central London CCG,31-Aug-20,C&M-GMS Cost of Drugs -Prescribing,LOCAL ENHANCED SERVICES,PIMLICO HEALTH AT THE MARVEN SURGERY,33599230,109.93
Department of Health,NHS Central London CCG,31-Aug-20,C&M-APMS OOH Opt Outs,PRC DELEGATED CO-COMMISSIONING,HOMELESS HEALTH CIC,33486135,155.29
Department of Health,NHS Central London CCG,31-Aug-20,C&M-GMS Cost of Drugs -Prescribing,LOCAL ENHANCED SERVICES,DR VICTORIA MUIRS PRACTICE,33585909,243.23
Department of Health,NHS Central London CCG,31-Aug-20,Post Graduate Loan Payable,BALANCE SHEET,HMRC,33551147,251
Department of Health,NHS Central London CCG,31-Aug-20,C&M-GMS Prem Water Rates,PRC DELEGATED CO-COMMISSIONING,DR VICTORIA MUIRS PRACTICE,33585916,305.48
Department of Health,NHS Central London CCG,31-Aug-20,C&M-GMS Cost of Drugs -Prescribing,LOCAL ENHANCED SERVICES,CRAWFORD STREET SURGERY,33585932,323.84
Department of Health,NHS Central London CCG,31-Aug-20,C&M-PMS QOF Achievement,PRC DELEGATED CO-COMMISSIONING,PADDINGTON GREEN HEALTH CENTRE,33486127,350.32
Department of Health,NHS Central London CCG,31-Aug-20,C&M-GMS PCN DES Participation,PRC DELEGATED CO-COMMISSIONING,MAYFAIR MEDICAL CENTRE,33585926,367.88
Department of Health,NHS Central London CCG,31-Aug-20,ME-GMS GP Pension EEs Adjustments,PRC DELEGATED CO-COMMISSIONING,FITZROVIA MEDICAL CENTRE,33585918,388.29
Department of Health,NHS Central London CCG,31-Aug-20,C&M-GMS QOF Achievement,PRC DELEGATED CO-COMMISSIONING,LITTLE VENICE MEDICAL CENTRE,33599223,431.72
Department of Health,NHS Central London CCG,31-Aug-20,C&M-GMS PCN DES Participation,PRC DELEGATED CO-COMMISSIONING,SOHO SQUARE SURGERY,33585930,445.21
Department of Health,NHS Central London CCG,31-Aug-20,C&M-GMS PCN DES Participation,PRC DELEGATED CO-COMMISSIONING,DR ABOUZEKRY,33585907,460.42
Department of Health,NHS Central London CCG,31-Aug-20,C&M-GMS PCN DES Participation,PRC DELEGATED CO-COMMISSIONING,DR G AHMED,33585909,547.97
Department of Health,NHS Central London CCG,31-Aug-20,ME-GMS GP Pension ERs Adjustments,PRC DELEGATED CO-COMMISSIONING,FITZROVIA MEDICAL CENTRE,33585918,555.93
Department of Health,NHS Central London CCG,31-Aug-20,C&M-APMS PCN DES Participation,PRC DELEGATED CO-COMMISSIONING,SOHO SQUARE GENERAL PRACTICE,33486129,601.15
Department of Health,NHS Central London CCG,31-Aug-20,C&M-GMS PCN DES Participation,PRC DELEGATED CO-COMMISSIONING,MEDICAL CENTRE WOODFIELD ROAD,33585924,620.09
Department of Health,NHS Central London CCG,31-Aug-20,C&M-PMS PCN DES Participation,PRC DELEGATED CO-COMMISSIONING,WESTBOURNE GREEN SURGERY (THE),33486130,632.07
Department of Health,NHS Central London CCG,31-Aug-20,C&M-PMS Prem Water Rates,PRC DELEGATED CO-COMMISSIONING,PADDINGTON GREEN HEALTH CENTRE,33486127,647.1
Department of Health,NHS Central London CCG,31-Aug-20,C&M-GMS PCN DES Participation,PRC DELEGATED CO-COMMISSIONING,COVENT GARDEN MEDICAL CENTRE,33585906,674.73
Department of Health,NHS Central London CCG,31-Aug-20,C&M-GMS PCN DES Participation,PRC DELEGATED CO-COMMISSIONING,CRAWFORD STREET SURGERY,33585936,723.74
Department of Health,NHS Central London CCG,31-Aug-20,C&M-GMS PCN DES Participation,PRC DELEGATED CO-COMMISSIONING,LITTLE VENICE MEDICAL CENTRE,33599223,726.95
Department of Health,NHS Central London CCG,31-Aug-20,ME - GMS GP Prior Year ERs,PRC DELEGATED CO-COMMISSIONING,BELGRAVIA SURGERY,33585904,748.58
Department of Health,NHS Central London CCG,31-Aug-20,ME-GMS GP Prior Year EEs,PRC DELEGATED CO-COMMISSIONING,BELGRAVIA SURGERY,33585904,840.17
Department of Health,NHS Central London CCG,31-Aug-20,C&M-PMS PCN DES Participation,PRC DELEGATED CO-COMMISSIONING,WELLINGTON HEALTH CENTRE (THE),33509186,878.72
Department of Health,NHS Central London CCG,31-Aug-20,C&M-GMS PCN DES Participation,PRC DELEGATED CO-COMMISSIONING,MAIDA VALE MEDICAL CENTRE (THE),33585928,935.37
Department of Health,NHS Central London CCG,31-Aug-20,C&M-GMS PCN DES Participation,PRC DELEGATED CO-COMMISSIONING,FITZROVIA MEDICAL CENTRE,33585918,"1,053.60"
Department of Health,NHS Central London CCG,31-Aug-20,C&M-PMS PCN DES Participation,PRC DELEGATED CO-COMMISSIONING,MILLBANK MEDICAL CENTRE,33486123,"1,062.26"
Department of Health,NHS Central London CCG,31-Aug-20,C&M-APMS QOF Achievement,PRC DELEGATED CO-COMMISSIONING,HOMELESS HEALTH CIC,33486135,"1,089.48"
Department of Health,NHS Central London CCG,31-Aug-20,C&M-GMS PCN DES Participation,PRC DELEGATED CO-COMMISSIONING,BELGRAVIA SURGERY,33585904,"1,096.88"
Department of Health,NHS Central London CCG,31-Aug-20,C&M-GMS QOF Aspiration,PRC DELEGATED CO-COMMISSIONING,SOHO SQUARE SURGERY,33585930,"1,109.25"
Department of Health,NHS Central London CCG,31-Aug-20,C&M-PMS PCN DES Participation,PRC DELEGATED CO-COMMISSIONING,AT MEDICS STREATHAM PLACE,33486133,"1,179.43"
Department of Health,NHS Central London CCG,31-Aug-20,C&M-GMS PCN DES Participation,PRC DELEGATED CO-COMMISSIONING,DR VICTORIA MUIRS PRACTICE,33585916,"1,222.06"
Department of Health,NHS Central London CCG,31-Aug-20,C&M-GMS PCO Doctors Ret Scheme,PRC DELEGATED CO-COMMISSIONING,FITZROVIA MEDICAL CENTRE,33585918,"1,230.72"
Department of Health,NHS Central London CCG,31-Aug-20,C&M-PMS PCN DES Participation,PRC DELEGATED CO-COMMISSIONING,LISSON GROVE HEALTH CENTRE,33486119,"1,269.14"
Department of Health,NHS Central London CCG,31-Aug-20,C&M-PMS PCN DES Participation,PRC DELEGATED CO-COMMISSIONING,MARYLEBONE HEALTH CENTRE,33486121,"1,373.99"
Department of Health,NHS Central London CCG,31-Aug-20,C&M-GMS Prof Fees Prescribing,PRC DELEGATED CO-COMMISSIONING,DR G AHMED,33585909,"1,440.01"
Department of Health,NHS Central London CCG,31-Aug-20,C&M-GMS Other Addtl Staff Paymts,PRC DELEGATED CO-COMMISSIONING,LITTLE VENICE MEDICAL CENTRE,33599223,"1,485.76"
Department of Health,NHS Central London CCG,31-Aug-20,C&M-PMS PCN DES Participation,PRC DELEGATED CO-COMMISSIONING,PADDINGTON GREEN HEALTH CENTRE,33486127,"1,493.14"
Department of Health,NHS Central London CCG,31-Aug-20,C&M-GMS QOF Aspiration,PRC DELEGATED CO-COMMISSIONING,MAYFAIR MEDICAL CENTRE,33585926,"1,509.81"
Department of Health,NHS Central London CCG,31-Aug-20,C&M-GMS PCN DES Participation,PRC DELEGATED CO-COMMISSIONING,IMPERIAL COLLEGE HEALTH CENTRE,33585920,"1,576.52"
Department of Health,NHS Central London CCG,31-Aug-20,C&M-APMS OOH Opt Outs,PRC DELEGATED CO-COMMISSIONING,SOHO SQUARE GENERAL PRACTICE,33486129,"1,584.07"
Department of Health,NHS Central London CCG,31-Aug-20,C&M-GMS QOF Aspiration,PRC DELEGATED CO-COMMISSIONING,MEDICAL CENTRE WOODFIELD ROAD,33585924,"1,616.12"
Department of Health,NHS Central London CCG,31-Aug-20,C&M-PMS QOF Aspiration,PRC DELEGATED CO-COMMISSIONING,SOHO SQUARE GENERAL PRACTICE,33486129,"1,660.77"
Department of Health,NHS Central London CCG,31-Aug-20,C&M-GMS Prem Rates,PRC DELEGATED CO-COMMISSIONING,DR VICTORIA MUIRS PRACTICE,33585916,"1,698.54"
Department of Health,NHS Central London CCG,31-Aug-20,C&M-PMS Additional Staff Payments,PRC DELEGATED CO-COMMISSIONING,WELLINGTON HEALTH CENTRE (THE),33486135,"1,742.26"
Department of Health,NHS Central London CCG,31-Aug-20,C&M-GMS QOF Achievement,PRC DELEGATED CO-COMMISSIONING,PIMLICO HEALTH AT THE MARVEN SURGERY,33599234,"1,777.14"
Department of Health,NHS Central London CCG,31-Aug-20,C&M-PMS PCN DES Participation,PRC DELEGATED CO-COMMISSIONING,NEWTON MEDICAL CENTRE,33486125,"1,865.30"
Department of Health,NHS Central London CCG,31-Aug-20,C&M-GMS QOF Aspiration,PRC DELEGATED CO-COMMISSIONING,DR G AHMED,33585909,"1,891.87"
Department of Health,NHS Central London CCG,31-Aug-20,C&M-GMS QOF Aspiration,PRC DELEGATED CO-COMMISSIONING,DR ABOUZEKRY,33585907,"1,928.51"
Department of Health,NHS Central London CCG,31-Aug-20,C&M-GMS PCN DES Participation,PRC DELEGATED CO-COMMISSIONING,PIMLICO HEALTH AT THE MARVEN SURGERY,33599234,"1,966.67"
Department of Health,NHS Central London CCG,,C&M-PMS QOF Aspiration,PRC DELEGATED CO-COMMISSIONING,WESTBOURNE GREEN SURGERY (THE),,"1,991.36"
Department of Health,NHS Central London CCG,31-Aug-20,C&M-GMS Other Addtl Staff Paymts,PRC DELEGATED CO-COMMISSIONING,VICTORIA MEDICAL CENTRE,33599230,"2,080.80"
Department of Health,NHS Central London CCG,31-Aug-20,C&M-GMS QOF Aspiration,PRC DELEGATED CO-COMMISSIONING,COVENT GARDEN MEDICAL CENTRE,33585906,"2,190.82"
Department of Health,NHS Central London CCG,31-Aug-20,Apprenticeship Levy Payable,BALANCE SHEET,HMRC,33531518,"2,210.00"
Department of Health,NHS Central London CCG,31-Aug-20,C&M-PMS Prem Rates,PRC DELEGATED CO-COMMISSIONING,WELLINGTON HEALTH CENTRE (THE),33509186,"2,304.00"
Department of Health,NHS Central London CCG,31-Aug-20,C&M-GMS Prem Rates,PRC DELEGATED CO-COMMISSIONING,MAYFAIR MEDICAL CENTRE,33585926,"2,368.00"
Department of Health,NHS Central London CCG,31-Aug-20,C&M-GMS PCN DES Participation,PRC DELEGATED CO-COMMISSIONING,VICTORIA MEDICAL CENTRE,33599230,"2,374.37"
Department of Health,NHS Central London CCG,,C&M-PMS PCN DES Participation,PRC DELEGATED CO-COMMISSIONING,KINGS COLLEGE HEALTH CENTRE,,"2,436.91"
Department of Health,NHS Central London CCG,31-Aug-20,C&M-PMS QOF Achievement,PRC DELEGATED CO-COMMISSIONING,LISSON GROVE HEALTH CENTRE,33486119,"2,477.42"
Department of Health,NHS Central London CCG,31-Aug-20,C&M-GMS QOF Aspiration,PRC DELEGATED CO-COMMISSIONING,CRAWFORD STREET SURGERY,33585936,"2,494.87"
Department of Health,NHS Central London CCG,31-Aug-20,C&M-GMS PCN DES Participation,PRC DELEGATED CO-COMMISSIONING,ST JOHNS WOOD MEDICAL PRACTICE,33585931,"2,558.25"
Department of Health,NHS Central London CCG,31-Aug-20,C&M-GMS QOF Aspiration,PRC DELEGATED CO-COMMISSIONING,LITTLE VENICE MEDICAL CENTRE,33599223,"2,672.49"
Department of Health,NHS Central London CCG,31-Aug-20,C&M-PMS Prem Rates,PRC DELEGATED CO-COMMISSIONING,PADDINGTON GREEN HEALTH CENTRE,33486127,"2,688.00"
Department of Health,NHS Central London CCG,31-Aug-20,C&M-GMS PCN DES Clinical Director,PRC DELEGATED CO-COMMISSIONING,COVENT GARDEN MEDICAL CENTRE,33585906,"2,765.32"
Department of Health,NHS Central London CCG,31-Aug-20,ME-GMS GP Prior Year EEs,PRC DELEGATED CO-COMMISSIONING,PIMLICO HEALTH AT THE MARVEN SURGERY,33599234,"2,794.40"
Department of Health,NHS Central London CCG,31-Aug-20,C&M-PMS QOF Aspiration,PRC DELEGATED CO-COMMISSIONING,WELLINGTON HEALTH CENTRE (THE),33509186,"2,882.85"
Department of Health,NHS Central London CCG,31-Aug-20,ME - GMS GP Prior Year ERs,PRC DELEGATED CO-COMMISSIONING,PIMLICO HEALTH AT THE MARVEN SURGERY,33599234,"2,976.55"
Department of Health,NHS Central London CCG,31-Aug-20,C&M-GMS QOF Aspiration,PRC DELEGATED CO-COMMISSIONING,MAIDA VALE MEDICAL CENTRE (THE),33585928,"2,999.07"
Department of Health,NHS Central London CCG,31-Aug-20,C&M-GMS QOF Aspiration,PRC DELEGATED CO-COMMISSIONING,FITZROVIA MEDICAL CENTRE,33585918,"3,035.07"
Department of Health,NHS Central London CCG,31-Aug-20,C&M-APMS OOH Opt Outs,PRC DELEGATED CO-COMMISSIONING,AT MEDICS STREATHAM PLACE,33486133,"3,107.87"
Department of Health,NHS Central London CCG,31-Aug-20,C&M-PMS QOF Aspiration,PRC DELEGATED CO-COMMISSIONING,AT MEDICS STREATHAM PLACE,33486133,"3,138.44"
Department of Health,NHS Central London CCG,31-Aug-20,C&M-PMS QOF Aspiration,PRC DELEGATED CO-COMMISSIONING,KINGS COLLEGE HEALTH CENTRE,33486117,"3,212.73"
Department of Health,NHS Central London CCG,31-Aug-20,C&M-GMS PCN DES Clinical Director,PRC DELEGATED CO-COMMISSIONING,ST JOHNS WOOD MEDICAL PRACTICE,33585931,"3,219.94"
Department of Health,NHS Central London CCG,31-Aug-20,C&M-GMS Prem Notional Rent,PRC DELEGATED CO-COMMISSIONING,DR VICTORIA MUIRS PRACTICE,33585916,"3,333.33"
Department of Health,NHS Central London CCG,31-Aug-20,C&M-GMS Prem Rates,PRC DELEGATED CO-COMMISSIONING,LITTLE VENICE MEDICAL CENTRE,33599223,"3,369.33"
Department of Health,NHS Central London CCG,31-Aug-20,C&M-GMS QOF Aspiration,PRC DELEGATED CO-COMMISSIONING,IMPERIAL COLLEGE HEALTH CENTRE,33585920,"3,387.25"
Department of Health,NHS Central London CCG,31-Aug-20,C&M-GMS QOF Achievement,PRC DELEGATED CO-COMMISSIONING,DR ABOUZEKRY,33585907,"3,452.42"
Department of Health,NHS Central London CCG,31-Aug-20,C&M-APMS Prem Rates,PRC DELEGATED CO-COMMISSIONING,SOHO SQUARE GENERAL PRACTICE,33486129,"3,561.97"
Department of Health,NHS Central London CCG,31-Aug-20,Income tax <1Yr-Student Loans,BALANCE SHEET,HMRC,33551147,"3,861.00"
Department of Health,NHS Central London CCG,31-Aug-20,C&M-PMS Growth,PRC DELEGATED CO-COMMISSIONING,LISSON GROVE HEALTH CENTRE,33486119,"3,927.17"
Department of Health,NHS Central London CCG,31-Aug-20,C&M-PMS QOF Aspiration,PRC DELEGATED CO-COMMISSIONING,MILLBANK MEDICAL CENTRE,33486123,"3,966.42"
Department of Health,NHS Central London CCG,31-Aug-20,C&M-GMS QOF Achievement,PRC DELEGATED CO-COMMISSIONING,DR VICTORIA MUIRS PRACTICE,33585916,"3,993.26"
Department of Health,NHS Central London CCG,31-Aug-20,C&M-PMS QOF Aspiration,PRC DELEGATED CO-COMMISSIONING,MARYLEBONE HEALTH CENTRE,33486121,"4,022.62"
Department of Health,NHS Central London CCG,31-Aug-20,C&M-PMS PCN DES Clinical Director,PRC DELEGATED CO-COMMISSIONING,LISSON GROVE HEALTH CENTRE,33486119,"4,036.52"
Department of Health,NHS Central London CCG,31-Aug-20,C&M-GMS QOF Achievement,PRC DELEGATED CO-COMMISSIONING,DR G AHMED,33585909,"4,040.81"
Department of Health,NHS Central London CCG,31-Aug-20,C&M-GMS Prem Rates,PRC DELEGATED CO-COMMISSIONING,CRAWFORD STREET SURGERY,33585936,"4,189.50"
Department of Health,NHS Central London CCG,31-Aug-20,C&M-PMS Prem Rates,PRC DELEGATED CO-COMMISSIONING,NEWTON MEDICAL CENTRE,33486125,"4,211.75"
Department of Health,NHS Central London CCG,31-Aug-20,C&M-PMS QOF Achievement,PRC DELEGATED CO-COMMISSIONING,WESTBOURNE GREEN SURGERY (THE),33486130,"4,249.14"
Department of Health,NHS Central London CCG,31-Aug-20,C&M-PMS Growth,PRC DELEGATED CO-COMMISSIONING,MILLBANK MEDICAL CENTRE,33486123,"4,426.42"
Department of Health,NHS Central London CCG,31-Aug-20,C&M-GMS QOF Aspiration,PRC DELEGATED CO-COMMISSIONING,BELGRAVIA SURGERY,33585904,"4,442.44"
Department of Health,NHS Central London CCG,31-Aug-20,C&M-GMS Prem Notional Rent,PRC DELEGATED CO-COMMISSIONING,MAIDA VALE MEDICAL CENTRE (THE),33585928,"4,500.00"
Department of Health,NHS Central London CCG,31-Aug-20,C&M-GMS Prem Rates,PRC DELEGATED CO-COMMISSIONING,COVENT GARDEN MEDICAL CENTRE,33585906,"4,610.67"
Department of Health,NHS Central London CCG,31-Aug-20,C&M-PMS PCO Other,PRC DELEGATED CO-COMMISSIONING,LISSON GROVE HEALTH CENTRE,33486119,"4,693.00"
Department of Health,NHS Central London CCG,31-Aug-20,C&M-GMS Prem Rates,PRC DELEGATED CO-COMMISSIONING,PIMLICO HEALTH AT THE MARVEN SURGERY,33599234,"4,699.33"
Department of Health,NHS Central London CCG,31-Aug-20,C&M-GMS PCN DES Clinical Director,PRC DELEGATED CO-COMMISSIONING,VICTORIA MEDICAL CENTRE,33599230,"4,764.66"
Department of Health,NHS Central London CCG,31-Aug-20,C&M-PMS Growth,PRC DELEGATED CO-COMMISSIONING,WELLINGTON HEALTH CENTRE (THE),33509186,"4,830.83"
Department of Health,NHS Central London CCG,31-Aug-20,C&M-PMS Prem Notional Rent,PRC DELEGATED CO-COMMISSIONING,WESTBOURNE GREEN SURGERY (THE),33486130,"4,865.70"
Department of Health,NHS Central London CCG,31-Aug-20,C&M-PMS Growth,PRC DELEGATED CO-COMMISSIONING,PADDINGTON GREEN HEALTH CENTRE,33486127,"4,951.50"
Department of Health,NHS Central London CCG,31-Aug-20,C&M-PMS QOF Aspiration,PRC DELEGATED CO-COMMISSIONING,LISSON GROVE HEALTH CENTRE,33486119,"5,133.70"
Department of Health,NHS Central London CCG,31-Aug-20,C&M-GMS QOF Aspiration,PRC DELEGATED CO-COMMISSIONING,DR VICTORIA MUIRS PRACTICE,33585916,"5,446.68"
Department of Health,NHS Central London CCG,31-Aug-20,C&M-PMS Growth,PRC DELEGATED CO-COMMISSIONING,WESTBOURNE GREEN SURGERY (THE),33486130,"5,528.08"
Department of Health,NHS Central London CCG,31-Aug-20,C&M-GMS DES Extended Hours Access,PRC DELEGATED CO-COMMISSIONING,COVENT GARDEN MEDICAL CENTRE,33585904,"5,553.62"
Department of Health,NHS Central London CCG,31-Aug-20,C&M-GMS PCN DES PCN support,LOCAL ENHANCED SERVICES,COVENT GARDEN MEDICAL CENTRE,33585906,"5,745.15"
Department of Health,NHS Central London CCG,31-Aug-20,C&M-PMS Growth,PRC DELEGATED CO-COMMISSIONING,NEWTON MEDICAL CENTRE,33486125,"5,932.50"
Department of Health,NHS Central London CCG,31-Aug-20,C&M-PMS QOF Aspiration,PRC DELEGATED CO-COMMISSIONING,NEWTON MEDICAL CENTRE,33486125,"6,005.22"
Department of Health,NHS Central London CCG,31-Aug-20,C&M-PMS QOF Aspiration,PRC DELEGATED CO-COMMISSIONING,PADDINGTON GREEN HEALTH CENTRE,33486127,"6,361.67"
Department of Health,NHS Central London CCG,31-Aug-20,C&M-GMS DES Extended Hours Access,PRC DELEGATED CO-COMMISSIONING,ST JOHNS WOOD MEDICAL PRACTICE,33585930,"6,466.64"
Department of Health,NHS Central London CCG,31-Aug-20,C&M-GMS PCO Locum Sickness,PRC DELEGATED CO-COMMISSIONING,PIMLICO HEALTH AT THE MARVEN SURGERY,33599234,"6,540.00"
Department of Health,NHS Central London CCG,31-Aug-20,C&M-PMS Prem Notional Rent,PRC DELEGATED CO-COMMISSIONING,WELLINGTON HEALTH CENTRE (THE),33509186,"6,676.58"
Department of Health,NHS Central London CCG,31-Aug-20,C&M-GMS PCN DES PCN support,LOCAL ENHANCED SERVICES,ST JOHNS WOOD MEDICAL PRACTICE,33585931,"6,689.65"
Department of Health,NHS Central London CCG,31-Aug-20,C&M-PMS Growth,PRC DELEGATED CO-COMMISSIONING,MARYLEBONE HEALTH CENTRE,33486121,"7,196.33"
Department of Health,NHS Central London CCG,31-Aug-20,C&M-GMS Cost of Drugs -Prescribing,LOCAL ENHANCED SERVICES,DR G AHMED,33585907,"7,484.54"
Department of Health,NHS Central London CCG,31-Aug-20,C&M-GMS Prem Rates,PRC DELEGATED CO-COMMISSIONING,BELGRAVIA SURGERY,33585904,"7,536.67"
Department of Health,NHS Central London CCG,31-Aug-20,ME-PMS GP Pension ERs Adjs - PMS,PRC DELEGATED CO-COMMISSIONING,WESTBOURNE GREEN SURGERY (THE),33486130,"7,908.60"
Department of Health,NHS Central London CCG,31-Aug-20,ME-PMS GP Pension EEs Adjs - PMS,PRC DELEGATED CO-COMMISSIONING,WESTBOURNE GREEN SURGERY (THE),33486130,"7,975.00"
Department of Health,NHS Central London CCG,31-Aug-20,C&M-GMS QOF Aspiration,PRC DELEGATED CO-COMMISSIONING,PIMLICO HEALTH AT THE MARVEN SURGERY,33599234,"8,092.26"
Department of Health,NHS Central London CCG,31-Aug-20,C&M-PMS DES Extended Hours Access,PRC DELEGATED CO-COMMISSIONING,LISSON GROVE HEALTH CENTRE,33486119,"8,106.59"
Department of Health,NHS Central London CCG,31-Aug-20,C&M-PMS PCN DES PCN support,LOCAL ENHANCED SERVICES,LISSON GROVE HEALTH CENTRE,33486119,"8,386.15"
Department of Health,NHS Central London CCG,31-Aug-20,C&M-GMS PCO Locum Adop/Pat/Mat,PRC DELEGATED CO-COMMISSIONING,VICTORIA MEDICAL CENTRE,33599230,"8,527.50"
Department of Health,NHS Central London CCG,31-Aug-20,C&M-GMS QOF Aspiration,PRC DELEGATED CO-COMMISSIONING,ST JOHNS WOOD MEDICAL PRACTICE,33585931,"8,738.84"
Department of Health,NHS Central London CCG,31-Aug-20,C&M-GMS Prem Rates,PRC DELEGATED CO-COMMISSIONING,ST JOHNS WOOD MEDICAL PRACTICE,33585931,"9,123.04"
Department of Health,NHS Central London CCG,31-Aug-20,C&M-GMS DES Extended Hours Access,PRC DELEGATED CO-COMMISSIONING,VICTORIA MEDICAL CENTRE,33599230,"9,568.91"
Department of Health,NHS Central London CCG,31-Aug-20,C&M-GMS PCN DES PCN support,LOCAL ENHANCED SERVICES,VICTORIA MEDICAL CENTRE,33599230,"9,931.90"
Department of Health,NHS Central London CCG,31-Aug-20,C&M-GMS PCO Other,PRC DELEGATED CO-COMMISSIONING,IMPERIAL COLLEGE HEALTH CENTRE,33585920,"10,177.00"
Department of Health,NHS Central London CCG,31-Aug-20,C&M-GMS QOF Aspiration,PRC DELEGATED CO-COMMISSIONING,VICTORIA MEDICAL CENTRE,33599230,"10,179.12"
Department of Health,NHS Central London CCG,31-Aug-20,C&M-GMS Prem Rates,PRC DELEGATED CO-COMMISSIONING,MAIDA VALE MEDICAL CENTRE (THE),33585928,"10,330.67"
Department of Health,NHS Central London CCG,31-Aug-20,C&M-PMS Prem Actual Rent,PRC DELEGATED CO-COMMISSIONING,KINGS COLLEGE HEALTH CENTRE,33486117,"11,782.91"
Department of Health,NHS Central London CCG,31-Aug-20,Recharge : Received,CORPORATE COSTS & SERVICES,NHS SOUTH EAST LONDON CCG,33714768,"14,279.30"
Department of Health,NHS Central London CCG,31-Aug-20,C&M-GMS Prem Rates,PRC DELEGATED CO-COMMISSIONING,IMPERIAL COLLEGE HEALTH CENTRE,33585920,"14,408.33"
Department of Health,NHS Central London CCG,31-Aug-20,C&M-GMS Prem Notional Rent,PRC DELEGATED CO-COMMISSIONING,PIMLICO HEALTH AT THE MARVEN SURGERY,33599234,"15,350.00"
Department of Health,NHS Central London CCG,31-Aug-20,C&M-PMS Prem Notional Rent,PRC DELEGATED CO-COMMISSIONING,MARYLEBONE HEALTH CENTRE,33486121,"16,314.58"
Department of Health,NHS Central London CCG,31-Aug-20,C&M-GMS Prem Actual Rent,PRC DELEGATED CO-COMMISSIONING,COVENT GARDEN MEDICAL CENTRE,33585906,"20,962.50"
Department of Health,NHS Central London CCG,31-Aug-20,C&M-GMS Global Sum,PRC DELEGATED CO-COMMISSIONING,MAYFAIR MEDICAL CENTRE,33585924,"21,364.53"
Department of Health,NHS Central London CCG,31-Aug-20,C&M-APMS Prem Healthcentre Rent,PRC DELEGATED CO-COMMISSIONING,SOHO SQUARE GENERAL PRACTICE,33486129,"22,575.25"
Department of Health,NHS Central London CCG,31-Aug-20,C&M-GMS Prem Rates,PRC DELEGATED CO-COMMISSIONING,VICTORIA MEDICAL CENTRE,33599230,"23,252.00"
Department of Health,NHS Central London CCG,31-Aug-20,C&M-GMS Global Sum,PRC DELEGATED CO-COMMISSIONING,SOHO SQUARE SURGERY,33585930,"24,626.31"
Department of Health,NHS Central London CCG,31-Aug-20,External Consultancy Fees,COMMISSIONING - NON ACUTE,KEYSTREAM HEALTHCARE RESOURCES LTD,33696361,"25,122.00"
Department of Health,NHS Central London CCG,31-Aug-20,C&M-GMS Global Sum,PRC DELEGATED CO-COMMISSIONING,DR ABOUZEKRY,33585906,"25,280.24"
Department of Health,NHS Central London CCG,31-Aug-20,Recharge : Received,COMMISSIONING - NON ACUTE,NHS SOUTH EAST LONDON CCG,33714765,"26,518.70"
Department of Health,NHS Central London CCG,31-Aug-20,Miscellaneous Expenditure (L9),NON RECURRENT PROGRAMMES,SOHO SQUARE GENERAL PRACTICE,33696511,"26,618.92"
Department of Health,NHS Central London CCG,31-Aug-20,Cont Care-Learning Disab(<65),LEARNING DIFFICULTIES,FONTHILL CARE (HARRY PARK) LTD,33714768,"26,760.00"
Department of Health,NHS Central London CCG,31-Aug-20,Cont Care-Learning Disab(<65),LEARNING DIFFICULTIES,HOME FROM HOME CARE LTD,33714770,"28,122.99"
Department of Health,NHS Central London CCG,31-Aug-20,Hcare Srv Rec NHS Trust-Contract Baseline,ACUTE COMMISSIONING,ROYAL NATIONAL ORTHOPAEDIC HOSPITAL NHS TRUST,33531472,"28,556.00"
Department of Health,NHS Central London CCG,31-Aug-20,Cont Care- Children,CHC CHILDREN,CITY OF WESTMINSTER,33650168,"28,878.43"
Department of Health,NHS Central London CCG,31-Aug-20,Clinical&Medical-Independent Sector,COMMISSIONING SCHEMES,SWPCH,33600596,"29,258.08"
Department of Health,NHS Central London CCG,31-Aug-20,Cont Care- Children,CHC CHILDREN,CITY OF WESTMINSTER,33650196,"29,335.71"
Department of Health,NHS Central London CCG,31-Aug-20,C&M-GMS Global Sum,PRC DELEGATED CO-COMMISSIONING,DR G AHMED,33585909,"30,298.25"
Department of Health,NHS Central London CCG,31-Aug-20,C&M-PMS Contract Value,PRC DELEGATED CO-COMMISSIONING,WESTBOURNE GREEN SURGERY (THE),33486129,"32,291.14"
Department of Health,NHS Central London CCG,31-Aug-20,C&M-GMS Global Sum,PRC DELEGATED CO-COMMISSIONING,MEDICAL CENTRE WOODFIELD ROAD,33585920,"32,447.57"
Department of Health,NHS Central London CCG,31-Aug-20,Clinical&Medical-Commercial Sector,PLANNED CARE,GLOBAL DIAGNOSTICS LTD,33620911,"32,570.00"
Department of Health,NHS Central London CCG,31-Aug-20,Clinical&Medical-Commercial Sector,PLANNED CARE,GLOBAL DIAGNOSTICS LTD,33650157,"33,890.00"
Department of Health,NHS Central London CCG,31-Aug-20,Hcare Srv Rec NHS Trust-Contract Baseline,MENTAL HEALTH CONTRACTS,WEST LONDON NHS TRUST,33531509,"33,925.00"
Department of Health,NHS Central London CCG,31-Aug-20,Hcare Srv Rec NHS Trust-Contract Baseline,ACUTE COMMISSIONING,WHITTINGTON HOSPITAL NHS TRUST (THE),33531513,"36,438.00"
Department of Health,NHS Central London CCG,31-Aug-20,C&M-GMS Global Sum,PRC DELEGATED CO-COMMISSIONING,LITTLE VENICE MEDICAL CENTRE,33599223,"37,881.23"
Department of Health,NHS Central London CCG,31-Aug-20,C&M-GMS Global Sum,PRC DELEGATED CO-COMMISSIONING,COVENT GARDEN MEDICAL CENTRE,33585906,"38,237.59"
Department of Health,NHS Central London CCG,31-Aug-20,Clinical&Medical-Commercial Sector,PLANNED CARE,GLOBAL DIAGNOSTICS LTD,33650159,"38,637.00"
Department of Health,NHS Central London CCG,31-Aug-20,Clinical&Medical-Commercial Sector,PLANNED CARE,GLOBAL DIAGNOSTICS LTD,33650162,"38,637.00"
Department of Health,NHS Central London CCG,31-Aug-20,Programme Support Costs,NON RECURRENT PROGRAMMES,CENTRAL LONDON HEALTHCARE,33600575,"40,105.00"
Department of Health,NHS Central London CCG,31-Aug-20,C&M-GMS Global Sum,PRC DELEGATED CO-COMMISSIONING,CRAWFORD STREET SURGERY,33585936,"40,379.50"
Department of Health,NHS Central London CCG,31-Aug-20,Hcare Srv Rec Fdtn Trust-Contract Baseline,MENTAL HEALTH CONTRACTS,EAST LONDON NHS FOUNDATION TRUST,33531455,"44,091.00"
Department of Health,NHS Central London CCG,31-Aug-20,C&M-PMS Contract Value,PRC DELEGATED CO-COMMISSIONING,WELLINGTON HEALTH CENTRE (THE),33509186,"45,178.99"
Department of Health,NHS Central London CCG,31-Aug-20,Cont Care-Learning Disab(<65),LEARNING DIFFICULTIES,WESTMINSTER SOCIETY FOR PEOPLE WITH LEARNING DISABILITIES,33696469,"46,533.60"
Department of Health,NHS Central London CCG,31-Aug-20,Hcare Srv Rec Fdtn Trust-Non Contract,MENTAL HEALTH SERVICES - NOT CONTRACTED ACTIVITY,NORTH EAST LONDON NHS FOUNDATION TRUST,33652612,"46,581.48"
Department of Health,NHS Central London CCG,,C&M-GMS Global Sum,PRC DELEGATED CO-COMMISSIONING,MAIDA VALE MEDICAL CENTRE (THE),,"48,591.90"
Department of Health,NHS Central London CCG,31-Aug-20,C&M-GMS Global Sum,PRC DELEGATED CO-COMMISSIONING,FITZROVIA MEDICAL CENTRE,33585916,"53,940.74"
Department of Health,NHS Central London CCG,31-Aug-20,Hcare Srv Rec Fdtn Trust-Contract Baseline,ACUTE COMMISSIONING,HILLINGDON HOSPITALS NHS FOUNDATION TRUST,33531495,"54,257.00"
Department of Health,NHS Central London CCG,31-Aug-20,National Insurance < 1 yr-NI-EES,BALANCE SHEET,HMRC,33551147,"54,819.32"
Department of Health,NHS Central London CCG,31-Aug-20,C&M-PMS Contract Value,PRC DELEGATED CO-COMMISSIONING,MILLBANK MEDICAL CENTRE,33486121,"55,030.45"
Department of Health,NHS Central London CCG,31-Aug-20,Hcare Srv Rec Fdtn Trust-Contract Baseline,ACUTE COMMISSIONING,ROYAL BROMPTON & HAREFIELD NHS FOUNDATION TRUST,33531457,"56,542.00"
Department of Health,NHS Central London CCG,31-Aug-20,Hcare Srv Rec Fdtn Trust-Contract Baseline,ACUTE COMMISSIONING,ST GEORGES UNIVERSITY HOSPITALS NHS FOUNDATION TRUST,33531486,"56,770.00"
Department of Health,NHS Central London CCG,31-Aug-20,Hcare Srv Rec Fdtn Trust-Contract Baseline,MENTAL HEALTH CONTRACTS,SOUTH LONDON AND MAUDSLEY NHS FOUNDATION TRUST,33531481,"58,255.00"
Department of Health,NHS Central London CCG,31-Aug-20,C&M-GMS Global Sum,PRC DELEGATED CO-COMMISSIONING,BELGRAVIA SURGERY,33572838,"61,033.16"
Department of Health,NHS Central London CCG,,Clinical&Medical-Commercial Sector,WHEELCHAIR SERVICE,AJ MOBILITY LTD,,"61,920.70"
Department of Health,NHS Central London CCG,31-Aug-20,C&M-PMS Prem Actual Rent,PRC DELEGATED CO-COMMISSIONING,PADDINGTON GREEN HEALTH CENTRE,33486127,"63,112.50"
Department of Health,NHS Central London CCG,31-Aug-20,C&M-GMS Global Sum,PRC DELEGATED CO-COMMISSIONING,DR VICTORIA MUIRS PRACTICE,33585916,"64,204.54"
Department of Health,NHS Central London CCG,31-Aug-20,C&M-APMS Contract Value,PRC DELEGATED CO-COMMISSIONING,SOHO SQUARE GENERAL PRACTICE,33486128,"64,336.14"
Department of Health,NHS Central London CCG,31-Aug-20,C&M-PMS Contract Value,PRC DELEGATED CO-COMMISSIONING,LISSON GROVE HEALTH CENTRE,33486117,"64,521.87"
Department of Health,NHS Central London CCG,31-Aug-20,C&M-APMS Contract Value,PRC DELEGATED CO-COMMISSIONING,HOMELESS HEALTH CIC,33486134,"69,324.18"
Department of Health,NHS Central London CCG,31-Aug-20,C&M-PMS Contract Value,PRC DELEGATED CO-COMMISSIONING,MARYLEBONE HEALTH CENTRE,33486119,"70,066.61"
Department of Health,NHS Central London CCG,31-Aug-20,Clinical&Medical-Commercial Sector,PLANNED CARE,INHEALTH LTD,33650201,"75,000.00"
Department of Health,NHS Central London CCG,31-Aug-20,C&M-PMS Contract Value,PRC DELEGATED CO-COMMISSIONING,PADDINGTON GREEN HEALTH CENTRE,33486126,"77,157.84"
Department of Health,NHS Central London CCG,31-Aug-20,National Insurance < 1 yr-NI- ERS,BALANCE SHEET,HMRC,33551147,"79,463.81"
Department of Health,NHS Central London CCG,31-Aug-20,C&M-GMS Global Sum,PRC DELEGATED CO-COMMISSIONING,IMPERIAL COLLEGE HEALTH CENTRE,33585918,"82,839.25"
Department of Health,NHS Central London CCG,31-Aug-20,Hcare Srv Rec Fdtn Trust-Contract Baseline,ACUTE COMMISSIONING,ROYAL MARSDEN NHS FOUNDATION TRUST (THE),33531499,"88,639.00"
Department of Health,NHS Central London CCG,31-Aug-20,Hcare Srv Rec NHS Trust-Contract Baseline,COMMUNITY SERVICES,LONDON NORTH WEST HEALTHCARE NHS TRUST,33531444,"96,589.00"
Department of Health,NHS Central London CCG,31-Aug-20,C&M-PMS Contract Value,PRC DELEGATED CO-COMMISSIONING,NEWTON MEDICAL CENTRE,33486123,"98,495.40"
Department of Health,NHS Central London CCG,31-Aug-20,C&M-GMS Global Sum,PRC DELEGATED CO-COMMISSIONING,PIMLICO HEALTH AT THE MARVEN SURGERY,33599234,"100,961.28"
Department of Health,NHS Central London CCG,31-Aug-20,Hcare Srv Rec Fdtn Trust-Contract Baseline,ACUTE COMMISSIONING,MOORFIELDS EYE HOSPITAL NHS FOUNDATION TRUST,33531450,"107,029.00"
Department of Health,NHS Central London CCG,31-Aug-20,Hcare Srv Rec Fdtn Trust-Contract Baseline,ACUTE COMMISSIONING,KING`S COLLEGE HOSPITAL NHS FOUNDATION TRUST,33531422,"113,311.00"
Department of Health,NHS Central London CCG,31-Aug-20,Payments received on account <1Yr,BALANCE SHEET,PARK MEDICAL CENTRE,33600604,"113,750.50"
Department of Health,NHS Central London CCG,31-Aug-20,Clinical&Medical-Independent Sector,COMMISSIONING SCHEMES,SWPCH,33600592,"114,115.38"
Department of Health,NHS Central London CCG,31-Aug-20,Hcare Srv Rec NHS Trust-Contract Baseline,ACUTE COMMISSIONING,BARTS HEALTH NHS TRUST,33509186,"114,682.00"
Department of Health,NHS Central London CCG,31-Aug-20,Income tax <1Yr,BALANCE SHEET,HMRC,33551147,"120,151.45"
Department of Health,NHS Central London CCG,31-Aug-20,C&M-GMS Global Sum,PRC DELEGATED CO-COMMISSIONING,VICTORIA MEDICAL CENTRE,33599230,"126,825.22"
Department of Health,NHS Central London CCG,31-Aug-20,Clinical&Medical-Commercial Sector,COMMUNITY SERVICES,CENTRAL LONDON HEALTHCARE,33696489,"128,529.67"
Department of Health,NHS Central London CCG,31-Aug-20,C&M-GMS Global Sum,PRC DELEGATED CO-COMMISSIONING,ST JOHNS WOOD MEDICAL PRACTICE,33585931,"132,617.08"
Department of Health,NHS Central London CCG,31-Aug-20,Hcare Srv Rec Fdtn Trust-Contract Baseline,MENTAL HEALTH CONTRACTS,CAMDEN & ISLINGTON NHS FOUNDATION TRUST,33531372,"132,844.00"
Department of Health,NHS Central London CCG,31-Aug-20,C&M-APMS Contract Value,PRC DELEGATED CO-COMMISSIONING,AT MEDICS STREATHAM PLACE,33486132,"140,934.74"
Department of Health,NHS Central London CCG,31-Aug-20,C&M-APMS LES Counselling,IMPROVING ACCESS TO PSYCHOLOGICAL THERAPIES,CENTRAL LONDON HEALTHCARE,33674576,"188,580.00"
Department of Health,NHS Central London CCG,31-Aug-20,Clinical&Medical-Independent Sector,COMMISSIONING SCHEMES,CENTRAL LONDON HEALTHCARE,33599234,"234,541.46"
Department of Health,NHS Central London CCG,31-Aug-20,Hcare Srv Rec Fdtn Trust-Contract Baseline,ACUTE COMMISSIONING,ROYAL FREE LONDON NHS FOUNDATION TRUST,33531464,"397,848.00"
Department of Health,NHS Central London CCG,31-Aug-20,Hcare Srv Rec NHS Trust-Contract Baseline,AMBULANCE SERVICES,LONDON AMBULANCE SERVICE NHS TRUST,33531425,"1,122,152.00"
Department of Health,NHS Central London CCG,31-Aug-20,Hcare Srv Rec NHS Trust-Contract Baseline,COMMUNITY SERVICES,CENTRAL LONDON COMMUNITY HEALTHCARE NHS TRUST,33531384,"1,548,670.00"
Department of Health,NHS Central London CCG,31-Aug-20,Hcare Srv Rec Fdtn Trust-Contract Baseline,ACUTE COMMISSIONING,GUYS & ST THOMAS HOSPITAL NHS FOUNDATION TRUST,33531396,"1,627,828.00"
Department of Health,NHS Central London CCG,31-Aug-20,Hcare Srv Rec Fdtn Trust-Contract Baseline,ACUTE COMMISSIONING,UNIVERSITY COLLEGE LONDON HOSPITALS NHS FOUNDATION TRUST,33531502,"1,815,750.00"
Department of Health,NHS Central London CCG,31-Aug-20,Clinical&Medical-Othe Public Sector,COMMUNITY SERVICES,CITY OF WESTMINSTER,33700434,"1,883,948.00"
Department of Health,NHS Central London CCG,31-Aug-20,Hcare Srv Rec Fdtn Trust-Contract Baseline,ACUTE COMMISSIONING,CHELSEA AND WESTMINSTER HOSPITAL NHS FOUNDATION TRUST,33531390,"2,039,497.00"
Department of Health,NHS Central London CCG,31-Aug-20,Hcare Srv Rec Fdtn Trust-Contract Baseline,MENTAL HEALTH CONTRACTS,CENTRAL & NORTH WEST LONDON NHS FOUNDATION TRUST,33531379,"4,411,905.00"
Department of Health,NHS Central London CCG,31-Aug-20,Hcare Srv Rec NHS Trust-Contract Baseline,ACUTE COMMISSIONING,IMPERIAL COLLEGE HEALTHCARE NHS TRUST,33531409,"5,512,982.00"
