Department Family,Entity,Date,Expense Type,Expense Area,Supplier Name,Transaction Number,Amount
NHS,King's College Hospital NHS Foundation Trust,20/10/2020,Additions - Assets Under Construction,Fixed Asset,24/7 Flooring Ltd,218,"34,534.80"
NHS,King's College Hospital NHS Foundation Trust,27/11/2020,Legal Fees,Legal Fees,39 Essex Chambers,PAF113012,"34,278.00"
NHS,King's College Hospital NHS Foundation Trust,17/12/2020,Computer Software / License  Fees,Computer Software / License  Fees,3m United Kingdom Plc,9581118173,"41,759.71"
NHS,King's College Hospital NHS Foundation Trust,05/11/2020,Drugs,Pharmacy Stock,Aah Pharmaceuticals Ltd,20421561G,"28,800.00"
NHS,King's College Hospital NHS Foundation Trust,04/12/2020,LEGAL,LEGAL,AEGIS LEGAL LIMITE      PAF113009,chaps,"35,000.00"
NHS,King's College Hospital NHS Foundation Trust,04/11/2020,Drugs,Pharmacy Stock,Alexion Pharma Uk Ltd,90967154,"68,040.00"
NHS,King's College Hospital NHS Foundation Trust,04/11/2020,Drugs,Pharmacy Stock,Alexion Pharma Uk Ltd,90967155,"90,720.00"
NHS,King's College Hospital NHS Foundation Trust,11/11/2020,Drugs,Pharmacy Stock,Alexion Pharma Uk Ltd,90970026,"68,040.00"
NHS,King's College Hospital NHS Foundation Trust,16/11/2020,Drugs,Pharmacy Stock,Alliance Healthcare Distribution Ltd,B0BF01027,"29,009.62"
NHS,King's College Hospital NHS Foundation Trust,27/11/2020,Drugs,Pharmacy Stock,Alliance Healthcare Distribution Ltd,B0BQ04028,"28,972.80"
NHS,King's College Hospital NHS Foundation Trust,14/12/2020,Drugs,Stock Pharmacy PRUH,Alliance Healthcare Distribution Ltd,B0CD00976,"27,703.58"
NHS,King's College Hospital NHS Foundation Trust,14/12/2020,Drugs,Stock Pharmacy PRUH,Alliance Healthcare Distribution Ltd,B0CD00976,"27,703.58"
NHS,King's College Hospital NHS Foundation Trust,29/11/2020,Net Pay-247Time,Net Pay-247Time,Allocate Software Ltd,KCH-29112020,"195,748.06"
NHS,King's College Hospital NHS Foundation Trust,29/11/2020,Net Pay-247Time,Net Pay-247Time,Allocate Software Ltd,KCH-29112020fri,"97,906.83"
NHS,King's College Hospital NHS Foundation Trust,06/12/2020,Net Pay-247Time,Net Pay-247Time,Allocate Software Ltd,KCH-06122020,"166,668.00"
NHS,King's College Hospital NHS Foundation Trust,06/12/2020,Net Pay-247Time,Net Pay-247Time,Allocate Software Ltd,KCH-06122020fri,"72,755.58"
NHS,King's College Hospital NHS Foundation Trust,13/12/2020,Net Pay-247Time,Net Pay-247Time,Allocate Software Ltd,KCH-13122020,"178,161.17"
NHS,King's College Hospital NHS Foundation Trust,13/12/2020,Net Pay-247Time,Net Pay-247Time,Allocate Software Ltd,KCH-13122020Fri,"109,357.81"
NHS,King's College Hospital NHS Foundation Trust,20/12/2020,Net Pay-247Time,Net Pay-247Time,Allocate Software Ltd,KCH-20122020,"169,228.55"
NHS,King's College Hospital NHS Foundation Trust,26/10/2020,Drugs,Pharmacy Stock,Alloga Uk Ltd,SIN103020768,"40,680.00"
NHS,King's College Hospital NHS Foundation Trust,30/10/2020,Drugs,Pharmacy Stock,Alloga Uk Ltd,SIN103025130,"36,000.00"
NHS,King's College Hospital NHS Foundation Trust,08/10/2020,Drugs,Stock Pharmacy PRUH,Alloga Uk Ltd,SIN103007371,"27,000.00"
NHS,King's College Hospital NHS Foundation Trust,29/10/2020,Drugs,Stock Pharmacy PRUH,Alloga Uk Ltd,SIN103024052,"36,000.00"
NHS,King's College Hospital NHS Foundation Trust,04/11/2020,Drugs,Pharmacy Stock,Alloga Uk Ltd,SIN103029103,"36,432.00"
NHS,King's College Hospital NHS Foundation Trust,10/11/2020,Drugs,Stock Pharmacy PRUH,Alloga Uk Ltd,SIN103033538,"36,000.00"
NHS,King's College Hospital NHS Foundation Trust,23/11/2020,Drugs,Stock Pharmacy PRUH,Alloga Uk Ltd,SIN103042988,"36,000.00"
NHS,King's College Hospital NHS Foundation Trust,25/11/2020,Drugs,Pharmacy Stock,Alloga Uk Ltd,SIN103045138,"36,432.00"
NHS,King's College Hospital NHS Foundation Trust,04/12/2020,Drugs,Stock Pharmacy PRUH,Alloga Uk Ltd,SIN103052798,"36,000.00"
NHS,King's College Hospital NHS Foundation Trust,16/12/2020,Drugs,Pharmacy Stock,Alloga Uk Ltd,SIN103061594,"40,680.00"
NHS,King's College Hospital NHS Foundation Trust,23/09/2020,Laboratory External Tests,Anthony Nolan Costs,Anthony Nolan,627215,"37,320.00"
NHS,King's College Hospital NHS Foundation Trust,14/09/2020,Laboratory External Tests,Anthony Nolan Costs,Anthony Nolan,626983,"40,940.00"
NHS,King's College Hospital NHS Foundation Trust,01/12/2020,Engineering  Contracts,Fixed Asset,Artic Building Services Ltd,63846,"33,908.90"
NHS,King's College Hospital NHS Foundation Trust,29/12/2020,RENT,RENT,ASSURA HC LTD      SYDENHAM KIN001,chaps,"36,000.00"
NHS,King's College Hospital NHS Foundation Trust,30/11/2020,Computer Software / License  Fees,Computer Software / License  Fees,Axsys Technology Ltd,3366,"31,800.00"
NHS,King's College Hospital NHS Foundation Trust,21/10/2020,Drugs,Pharmacy Stock,Bayer Plc,824C309339,"45,622.80"
NHS,King's College Hospital NHS Foundation Trust,15/11/2020,Drugs,Pharmacy Stock,Bayer Plc,824c313079,"41,060.52"
NHS,King's College Hospital NHS Foundation Trust,23/11/2020,Drugs,Pharmacy Stock,Bayer Plc,824c315366,"68,434.20"
NHS,King's College Hospital NHS Foundation Trust,22/09/2020,Healthcare From Commercial Sector,Dermatology Services PRUH,Bromley Gp Alliance Ltd,BGPA0704,"45,000.00"
NHS,King's College Hospital NHS Foundation Trust,24/11/2020,Healthcare From Commercial Sector,Dermatology Services PRUH,Bromley Gp Alliance Ltd,BGPA0769,"45,000.00"
NHS,King's College Hospital NHS Foundation Trust,29/11/2020,Contract : Refuse And Clinical Waste,Waste Services,Bywaters,P156395,"59,727.32"
NHS,King's College Hospital NHS Foundation Trust,25/11/2020,Additions - Information Technology,Additions - Information Technology,CAE Technology Services Ltd,259049,"222,508.91"
NHS,King's College Hospital NHS Foundation Trust,06/11/2020,Materials - Building,Materials - Building,Cbre Ltd,202000001156/BSGB0002,"207,076.49"
NHS,King's College Hospital NHS Foundation Trust,09/11/2020,Gas,Gas,Corona Energy Retail 2 Ltd,15650306,"31,084.66"
NHS,King's College Hospital NHS Foundation Trust,09/11/2020,Gas,Gas,Corona Energy Retail 2 Ltd,15665206,"211,817.76"
NHS,King's College Hospital NHS Foundation Trust,04/11/2020,Drugs,Pharmacy Stock,Csl Behring Uk Ltd,994029542,"84,000.00"
NHS,King's College Hospital NHS Foundation Trust,27/11/2020,Med Surg Eqpt General,Med Surg Eqpt General,Curium Pharma UK Ltd,RI10077418,"39,522.00"
NHS,King's College Hospital NHS Foundation Trust,29/12/2020,EQUIPMENT LEASE,EQUIPMENT LEASE,DE LAGE LANDEN LEA      98640052850,chaps,"99,999.99"
NHS,King's College Hospital NHS Foundation Trust,29/12/2020,EQUIPMENT LEASE,EQUIPMENT LEASE,DE LAGE LANDEN LEA      98640052850,chaps,"33,570.41"
NHS,King's College Hospital NHS Foundation Trust,12/10/2020,Additions - Information Technology,Additions - Information Technology,Dell Corporation Ltd,7402653155,"26,940.00"
NHS,King's College Hospital NHS Foundation Trust,14/11/2020,Additions - Information Technology,Additions - Information Technology,Dell Corporation Ltd,7402662800aa,"55,263.90"
NHS,King's College Hospital NHS Foundation Trust,30/07/2020,Healthcare From Commercial Sector,Thamesmead Dialysis Unit,Diaverum Facilities Management,360651,"65,555.78"
NHS,King's College Hospital NHS Foundation Trust,30/08/2020,Healthcare From Commercial Sector,Thamesmead Dialysis Unit,Diaverum Facilities Management,350702,"63,104.18"
NHS,King's College Hospital NHS Foundation Trust,30/08/2020,Healthcare From Commercial Sector,Thamesmead Dialysis Unit,Diaverum Facilities Management,350712,"59,923.20"
NHS,King's College Hospital NHS Foundation Trust,30/09/2020,Healthcare From Commercial Sector,Thamesmead Dialysis Unit,Diaverum Facilities Management,350772,"63,545.47"
NHS,King's College Hospital NHS Foundation Trust,30/09/2020,Healthcare From Commercial Sector,Thamesmead Dialysis Unit,Diaverum Facilities Management,350785,"59,923.20"
NHS,King's College Hospital NHS Foundation Trust,30/10/2020,Healthcare From Commercial Sector,Thamesmead Dialysis Unit,Diaverum Facilities Management,350824,"67,958.35"
NHS,King's College Hospital NHS Foundation Trust,30/10/2020,Healthcare From Commercial Sector,Thamesmead Dialysis Unit,Diaverum Facilities Management,350825,"59,923.20"
NHS,King's College Hospital NHS Foundation Trust,30/10/2020,Healthcare From Commercial Sector,Thamesmead Dialysis Unit,Diaverum Uk Ltd,154636,"67,179.42"
NHS,King's College Hospital NHS Foundation Trust,30/11/2020,Contractual Clinical Services,Thamesmead Dialysis Unit,Diaverum Uk Ltd,154668,"60,684.44"
NHS,King's College Hospital NHS Foundation Trust,04/12/2020,Electricity,Electricity,Edf Energy,8826070,"26,204.49"
NHS,King's College Hospital NHS Foundation Trust,04/12/2020,Electricity,Electricity,Edf Energy,8829041,"33,277.54"
NHS,King's College Hospital NHS Foundation Trust,04/12/2020,Electricity,Electricity,Edf Energy,8825667,"63,597.38"
NHS,King's College Hospital NHS Foundation Trust,30/11/2020,Packing and Storage,Packing and Storage,Edm Group Ltd,SI325672,"37,219.03"
NHS,King's College Hospital NHS Foundation Trust,27/11/2020,Computer Maintenance,Computer Maintenance,Emis Health,PJIN-303293a,"52,449.25"
NHS,King's College Hospital NHS Foundation Trust,30/11/2020,Building  Contracts,Building  Contracts,Envair Projects Limited,1191,"45,576.00"
NHS,King's College Hospital NHS Foundation Trust,30/11/2020,Other Transport Costs,Other Transport Costs,Falck UK Ambulance Services Limited,SIN004043,"505,279.27"
NHS,King's College Hospital NHS Foundation Trust,30/11/2020,Other Transport Costs,Other Transport Costs,Falck UK Ambulance Services Limited,26273,"33,264.00"
NHS,King's College Hospital NHS Foundation Trust,09/11/2020,Additions - Assets Under Construction,Additions - Assets Under Construction,G D Smy Ltd,7070,"70,723.97"
NHS,King's College Hospital NHS Foundation Trust,30/10/2020,Drugs,Pharmacy Stock,Gilead Sciences Ltd,4410194330,"224,360.80"
NHS,King's College Hospital NHS Foundation Trust,03/11/2020,Drugs,Pharmacy Stock,Gilead Sciences Ltd,4410194424,"71,009.57"
NHS,King's College Hospital NHS Foundation Trust,05/11/2020,Drugs,Pharmacy Stock,Gilead Sciences Ltd,4410194625,"224,360.80"
NHS,King's College Hospital NHS Foundation Trust,19/11/2020,Drugs,Pharmacy Stock,Gilead Sciences Ltd,4410195557,"224,360.80"
NHS,King's College Hospital NHS Foundation Trust,25/04/2019,Consultant,Consultant,Guys And St Thomas Nhs Foundation Trust,3262827,"59,632.44"
NHS,King's College Hospital NHS Foundation Trust,17/03/2017,Consultant,Consultant,Guys And St Thomas Nhs Foundation Trust,3212503,"58,657.00"
NHS,King's College Hospital NHS Foundation Trust,17/03/2017,Healthcare From Foundation Trusts,Healthcare From Foundation Trusts,Guys And St Thomas Nhs Foundation Trust,3212502,"56,916.00"
NHS,King's College Hospital NHS Foundation Trust,27/08/2020,External Consultancy Fees,External Consultancy Fees,Guys And St Thomas Nhs Foundation Trust,3292973,"128,977.00"
NHS,King's College Hospital NHS Foundation Trust,07/09/2020,Computer Maintenance,Computer Maintenance,Haemonetics Ltd,25676,"34,273.20"
NHS,King's College Hospital NHS Foundation Trust,02/10/2020,Drugs,Pharmacy Stock,Healthcare At Home Ltd,OP/9601591,"25,200.00"
NHS,King's College Hospital NHS Foundation Trust,01/12/2020,Computer Hardware Purchases,PRUH  and  South sites operational team,Healthcare Communications Uk Ltd,INVHEA00000702,"25,393.36"
NHS,King's College Hospital NHS Foundation Trust,17/12/2020,PFI PAYMENT,PFI PAYMENT,HPC KING'S COLLE    HPCGJW568     EBANKGO93785886,chaps,"1,249,198.29"
NHS,King's College Hospital NHS Foundation Trust,17/12/2020,PFI PAYMENT,PFI PAYMENT,HPC KING'S COLLE    HPCGJW568     EBANKGO93785886,chaps,"249,839.66"
NHS,King's College Hospital NHS Foundation Trust,31/10/2020,External Consultancy Fees,External Consultancy Fees,Hunter Healthcare Resourcing Ltd,HH4384,"42,000.00"
NHS,King's College Hospital NHS Foundation Trust,04/12/2020,Contract : Other External,ED UCC,Hurley Clinic,SJB041220,"125,000.00"
NHS,King's College Hospital NHS Foundation Trust,06/11/2020,Contract : Other External,ED UCC,Hurley Clinic,SJB061120,"142,475.15"
NHS,King's College Hospital NHS Foundation Trust,18/11/2020,Additions - Information Technology,Fixed Asset,Insight Direct (Uk) Ltd,5069595,"148,488.10"
NHS,King's College Hospital NHS Foundation Trust,18/11/2020,Additions - Information Technology,Fixed Asset,Insight Direct (Uk) Ltd,5069595,"148,488.10"
NHS,King's College Hospital NHS Foundation Trust,27/11/2020,Additions - Information Technology,Fixed Asset,Insight Direct (Uk) Ltd,5082158,"52,031.16"
NHS,King's College Hospital NHS Foundation Trust,09/12/2020,Additions - Information Technology,Fixed Asset,Insight Direct (Uk) Ltd,5098358,"55,411.20"
NHS,King's College Hospital NHS Foundation Trust,27/10/2020,Assets Under Construction Software,Fixed Asset,Insight Direct (Uk) Ltd,5038987,"29,621.59"
NHS,King's College Hospital NHS Foundation Trust,06/11/2020,Assets Under Construction Software,Fixed Asset,Insight Direct (Uk) Ltd,5053651,"76,854.48"
NHS,King's College Hospital NHS Foundation Trust,21/09/2020,Assets Under Construction Software,Fixed Asset,Insight Direct (Uk) Ltd,4989675,"66,910.75"
NHS,King's College Hospital NHS Foundation Trust,01/10/2020,Assets Under Construction Software,Fixed Asset,Insight Direct (Uk) Ltd,5005475,"62,197.68"
NHS,King's College Hospital NHS Foundation Trust,23/10/2020,Materials - Electrical,Diabetes,Insulet International Ltd,70059844,"59,031.30"
NHS,King's College Hospital NHS Foundation Trust,26/11/2020,Med Surg Eqpt General,Diabetes,Insulet International Ltd,70068360,"50,695.20"
NHS,King's College Hospital NHS Foundation Trust,17/11/2020,Computer Software / License  Fees,Computer Software / License  Fees,Intouch With Health Ltd,3558,"84,240.00"
NHS,King's College Hospital NHS Foundation Trust,30/11/2020,Packing and Storage,Patient Records DH,Iron Mountain (UK) PLC,XH69456,"50,250.05"
NHS,King's College Hospital NHS Foundation Trust,02/11/2020,Drugs,Pharmacy Stock,Janssen-Cilag Ltd,930700147,"37,769.40"
NHS,King's College Hospital NHS Foundation Trust,23/11/2020,Drugs,Pharmacy Stock,Janssen-Cilag Ltd,930705769,"37,746.72"
NHS,King's College Hospital NHS Foundation Trust,26/11/2020,Additions - Assets Under Construction,Upgrade of Ventilation Systems,John Graham Construction Ltd,913350,"319,892.06"
NHS,King's College Hospital NHS Foundation Trust,26/11/2020,Additions - Assets Under Construction,Upgrade of Ventilation Systems,John Graham Construction Ltd,913353,"122,136.44"
NHS,King's College Hospital NHS Foundation Trust,26/11/2020,Additions - Assets Under Construction,Upgrade of Ventilation Systems,John Graham Construction Ltd,913351,"110,790.32"
NHS,King's College Hospital NHS Foundation Trust,18/12/2020,Additions - Assets Under Construction,Upgrade of Ventilation Systems,John Graham Construction Ltd,913553,"535,021.38"
NHS,King's College Hospital NHS Foundation Trust,18/12/2020,Additions - Assets Under Construction,Upgrade of Ventilation Systems,John Graham Construction Ltd,913549,"345,933.46"
NHS,King's College Hospital NHS Foundation Trust,18/12/2020,Additions - Assets Under Construction,Upgrade of Ventilation Systems,John Graham Construction Ltd,913551,"146,997.36"
NHS,King's College Hospital NHS Foundation Trust,31/10/2020,Additions - Assets Under Construction,Fixed Asset,K&H Medical Ltd,19480,"83,211.60"
NHS,King's College Hospital NHS Foundation Trust,29/12/2020,RENT,RENT,KINGS COLLEGE HOSP      BENGEWORTH ROAD,chaps,"58,750.00"
NHS,King's College Hospital NHS Foundation Trust,29/11/2020,Consultant,Dental Administration,Kings College London,RS50028531,"25,269.29"
NHS,King's College Hospital NHS Foundation Trust,29/11/2020,Agency Admin & Clerical (Non Medical Non Clinical),Dental Administration,Kings College London,RS50028532,"32,305.14"
NHS,King's College Hospital NHS Foundation Trust,18/11/2020,Salary Recharge,Dental Administration,Kings College London,TS50028244,"85,204.00"
NHS,King's College Hospital NHS Foundation Trust,21/12/2020,Consultant,Dental Administration,Kings College London,RS50029367,"25,269.29"
NHS,King's College Hospital NHS Foundation Trust,21/12/2020,Consultant,Dental Administration,Kings College London,RS50029335,"78,450.68"
NHS,King's College Hospital NHS Foundation Trust,15/12/2020,Contract : Other External,Dental Administration,Kings College London,TS50029160,"206,118.00"
NHS,King's College Hospital NHS Foundation Trust,02/11/2020,Healthcare From Foundation Trusts,ACU Cross Account,King'S Fertility Ltd,KFL207,"127,000.00"
NHS,King's College Hospital NHS Foundation Trust,02/11/2020,Healthcare From Foundation Trusts,ACU Cross Account,King'S Fertility Ltd,KFL208,"108,000.00"
NHS,King's College Hospital NHS Foundation Trust,01/12/2020,Contract : Other External,IFT,King's Interventional Facilities Management LLP,FINV-000741,"1,939,148.00"
NHS,King's College Hospital NHS Foundation Trust,18/12/2020,Water,IFT,King's Interventional Facilities Management LLP,FINV-000758,"58,926.82"
NHS,King's College Hospital NHS Foundation Trust,01/12/2020,Healthcare From Commercial Sector,IFT,King's Interventional Facilities Management LLP,FINV-000743,"114,510.30"
NHS,King's College Hospital NHS Foundation Trust,01/12/2020,Healthcare From Commercial Sector,IFT,King's Interventional Facilities Management LLP,FINV-000750,"2,580,962.60"
NHS,King's College Hospital NHS Foundation Trust,01/12/2020,Healthcare From Commercial Sector,IFT,King's Interventional Facilities Management LLP,FINV-000746,"4,344,515.09"
NHS,King's College Hospital NHS Foundation Trust,01/12/2020,Healthcare From Commercial Sector,IFT,King's Interventional Facilities Management LLP,FINV-000747,"4,043,925.64"
NHS,King's College Hospital NHS Foundation Trust,01/12/2020,Healthcare From Commercial Sector,IFT,King's Interventional Facilities Management LLP,FINV-000749,"1,737,480.94"
NHS,King's College Hospital NHS Foundation Trust,30/09/2020,Healthcare From Commercial Sector,IFT,King's Interventional Facilities Management LLP,FINV-000662,"688,435.94"
NHS,King's College Hospital NHS Foundation Trust,01/08/2020,Healthcare From Commercial Sector,IFT,King's Interventional Facilities Management LLP,FINV-000626,"61,855.20"
NHS,King's College Hospital NHS Foundation Trust,01/06/2020,Healthcare From Commercial Sector,IFT,King's Interventional Facilities Management LLP,FINV-000594,"73,824.25"
NHS,King's College Hospital NHS Foundation Trust,01/06/2020,Healthcare From Commercial Sector,IFT,King's Interventional Facilities Management LLP,FINV-000593,"761,668.43"
NHS,King's College Hospital NHS Foundation Trust,31/10/2020,Agency Admin & Clerical (Non Medical Non Clinical),Agency Admin & Clerical (Non Medical Non Clinical),Knight Security Ltd,130922,"50,299.20"
NHS,King's College Hospital NHS Foundation Trust,30/09/2020,Agency Admin & Clerical (Non Medical Non Clinical),Agency Admin & Clerical (Non Medical Non Clinical),Knight Security Ltd,130649,"33,187.20"
NHS,King's College Hospital NHS Foundation Trust,27/03/2015,Healthcare From NHS Trusts,QMS QEH Ophthalmology Recharge  and  Lewisha,Lewisham And Greenwich Nhs Trust,8456933,"52,609.00"
NHS,King's College Hospital NHS Foundation Trust,30/09/2020,Healthcare From Foundation Trusts,QMS QEH Ophthalmology Recharge  and  Lewisha,Lewisham And Greenwich Nhs Trust,8507063,"84,840.00"
NHS,King's College Hospital NHS Foundation Trust,19/03/2020,Healthcare From Foundation Trusts,QMS QEH Ophthalmology Recharge  and  Lewisha,Lewisham And Greenwich Nhs Trust,8504545,"26,957.00"
NHS,King's College Hospital NHS Foundation Trust,01/12/2020,Business Rates,Business Rates,London Borough of Bromley,Standing Order,"136,192.00"
NHS,King's College Hospital NHS Foundation Trust,01/12/2020,Business Rates,Business Rates,London Borough of Lambeth,Standing Order,"215,460.00"
NHS,King's College Hospital NHS Foundation Trust,08/12/2020,Legal Fees,Trustwide Expenses,Macfarlanes Llp,560589,"211,421.66"
NHS,King's College Hospital NHS Foundation Trust,17/12/2020,Rent,Facilities Rates / Rent,Maudsley Charity,C0002291,"26,914.43"
NHS,King's College Hospital NHS Foundation Trust,17/12/2020,Rent,Facilities Rates / Rent,Maudsley Charity,C0002312,"27,482.76"
NHS,King's College Hospital NHS Foundation Trust,30/11/2020,Contract : Other External,Radiology Medical,Medica Reporting Ltd (Medica Group),15467,"101,750.00"
NHS,King's College Hospital NHS Foundation Trust,14/02/2020,Med Surg Eqpt General,Diabetes,Medtronic Ltd,1099721147,"36,462.00"
NHS,King's College Hospital NHS Foundation Trust,31/07/2020,Med Surg Eqpt General,Diabetes,Medtronic Ltd,1099882438,"29,220.38"
NHS,King's College Hospital NHS Foundation Trust,18/12/2020,Telephone Installation and Maintenance,Telephone Installation and Maintenance,Netcall Technology Ltd,MINV010873,"126,006.00"
NHS,King's College Hospital NHS Foundation Trust,02/10/2020,Building And Engineering Equipment Maintenance,Fixed Asset,New Tech Security,38483,"43,850.40"
NHS,King's College Hospital NHS Foundation Trust,28/10/2020,Additions - Assets Under Construction,Fixed Asset,New Tech Security,38545,"29,983.74"
NHS,King's College Hospital NHS Foundation Trust,17/11/2020,Additions - Information Technology,ICT - Network,Ng Bailey It Services,CD970054462,"38,432.64"
NHS,King's College Hospital NHS Foundation Trust,17/11/2020,Additions - Information Technology,ICT - Network,Ng Bailey It Services,CD970054462,"38,432.64"
NHS,King's College Hospital NHS Foundation Trust,15/12/2020,LEGAL,LEGAL,NHSLA SUSP      SICX403796,chaps,"4,389,362.20"
NHS,King's College Hospital NHS Foundation Trust,30/09/2020,Additions - Software Licences,Fixed Asset,NIFES Consulting Group,696-643,"45,114.01"
NHS,King's College Hospital NHS Foundation Trust,28/10/2020,Additions - Software Licences,Fixed Asset,NIFES Consulting Group,696-711,"45,114.01"
NHS,King's College Hospital NHS Foundation Trust,18/09/2020,Healthcare From Foundation Trusts,Healthcare From Foundation Trusts,North Bristol Nhs Trust,372817,"40,000.00"
NHS,King's College Hospital NHS Foundation Trust,24/09/2020,Computer Software / License  Fees,Project Management Charge,Northumbria Healthcare Nhs Foundation Trust,7510370089,"220,016.46"
NHS,King's College Hospital NHS Foundation Trust,31/10/2020,Legal Fees,Trustwide Expenses,Oc Experts Services Ltd,2117/22,"111,615.00"
NHS,King's College Hospital NHS Foundation Trust,30/10/2020,Legal Fees,Trustwide Expenses,Oc Experts Services Ltd,2117/23,"109,956.00"
NHS,King's College Hospital NHS Foundation Trust,05/10/2020,Drugs,Pharmacy Stock,Octapharma Ltd,5208029875,"27,300.00"
NHS,King's College Hospital NHS Foundation Trust,08/09/2020,Healthcare From Foundation Trusts,Pharmacy QMS (Oxleas NHS),Oxleas Nhs Foundation Trust,64807,"60,449.69"
NHS,King's College Hospital NHS Foundation Trust,08/09/2020,Healthcare From Foundation Trusts,Pharmacy QMS (Oxleas NHS),Oxleas Nhs Foundation Trust,64806,"60,449.69"
NHS,King's College Hospital NHS Foundation Trust,06/11/2020,Laboratory Equipment - Maintenance,ICU Medical Staff,Philips Electronics Uk Ltd,945276353,"53,834.40"
NHS,King's College Hospital NHS Foundation Trust,03/12/2020,Pulse Bank Nurses,Pulse Bank Nurses,Pulse Healthcare Ltd,5239357,"919,122.84"
NHS,King's College Hospital NHS Foundation Trust,01/12/2020,Pulse Bank Nurses,Pulse Bank Nurses,Pulse Healthcare Ltd,5236826A,"44,176.98"
NHS,King's College Hospital NHS Foundation Trust,09/12/2020,Pulse Bank Nurses,Pulse Bank Nurses,Pulse Healthcare Ltd,5244327,"50,007.16"
NHS,King's College Hospital NHS Foundation Trust,10/12/2020,Pulse Bank Nurses,Pulse Bank Nurses,Pulse Healthcare Ltd,5246039,"105,757.25"
NHS,King's College Hospital NHS Foundation Trust,10/12/2020,Pulse Bank Nurses,Pulse Bank Nurses,Pulse Healthcare Ltd,5246038,"924,940.45"
NHS,King's College Hospital NHS Foundation Trust,14/12/2020,Pulse Bank Nurses,Pulse Bank Nurses,Pulse Healthcare Ltd,DMKCH1,"934,800.00"
NHS,King's College Hospital NHS Foundation Trust,14/12/2020,Pulse Bank Nurses,Pulse Bank Nurses,Pulse Healthcare Ltd,DMKCH2,"934,800.00"
NHS,King's College Hospital NHS Foundation Trust,16/12/2020,Pulse Bank Nurses,Pulse Bank Nurses,Pulse Healthcare Ltd,5251448,"48,994.29"
NHS,King's College Hospital NHS Foundation Trust,17/12/2020,Pulse Bank Nurses,Pulse Bank Nurses,Pulse Healthcare Ltd,5252912,"61,760.03"
NHS,King's College Hospital NHS Foundation Trust,17/12/2020,Pulse Bank Nurses,Pulse Bank Nurses,Pulse Healthcare Ltd,5252910,"892,182.85"
NHS,King's College Hospital NHS Foundation Trust,21/12/2020,Pulse Bank Nurses,Pulse Bank Nurses,Pulse Healthcare Ltd,DMKCH3,"934,800.00"
NHS,King's College Hospital NHS Foundation Trust,22/12/2020,Pulse Bank Nurses,Pulse Bank Nurses,Pulse Healthcare Ltd,5257187,"47,783.61"
NHS,King's College Hospital NHS Foundation Trust,24/12/2020,Pulse Bank Nurses,Pulse Bank Nurses,Pulse Healthcare Ltd,5260260,"47,931.11"
NHS,King's College Hospital NHS Foundation Trust,24/12/2020,Pulse Bank Nurses,Pulse Bank Nurses,Pulse Healthcare Ltd,5260259,"603,103.93"
NHS,King's College Hospital NHS Foundation Trust,28/11/2020,Rent,Facilities Rates / Rent,Red Circle Security Services Ltd,786/143,"52,500.00"
NHS,King's College Hospital NHS Foundation Trust,30/10/2020,Drugs,Pharmacy Stock,Roche Products Ltd,1322160472,"74,352.00"
NHS,King's College Hospital NHS Foundation Trust,03/11/2020,Drugs,Stock Pharmacy PRUH,Roche Products Ltd,1322160695,"35,786.16"
NHS,King's College Hospital NHS Foundation Trust,05/11/2020,Drugs,Pharmacy Stock,Roche Products Ltd,1322161086,"32,994.48"
NHS,King's College Hospital NHS Foundation Trust,01/12/2020,Drugs,Pharmacy Stock,Roche Products Ltd,1322164495,"31,330.06"
NHS,King's College Hospital NHS Foundation Trust,08/12/2020,Drugs,Pharmacy Stock,Roche Products Ltd,1322165656,"74,352.00"
NHS,King's College Hospital NHS Foundation Trust,07/12/2020,Drugs,Stock Pharmacy PRUH,Roche Products Ltd,1322165508,"42,290.88"
NHS,King's College Hospital NHS Foundation Trust,23/11/2020,Other Transport Costs,Patient Transport,Savoy Ventures Ltd,10970,"27,456.39"
NHS,King's College Hospital NHS Foundation Trust,23/11/2020,Other Transport Costs,Patient Transport,Savoy Ventures Ltd,10972,"26,628.62"
NHS,King's College Hospital NHS Foundation Trust,30/11/2020,Other Transport Costs,Patient Transport,Savoy Ventures Ltd,10988,"27,961.24"
NHS,King's College Hospital NHS Foundation Trust,08/12/2020,Other Transport Costs,Patient Transport,Savoy Ventures Ltd,11029,"29,707.55"
NHS,King's College Hospital NHS Foundation Trust,14/12/2020,Other Transport Costs,Patient Transport,Savoy Ventures Ltd,11052,"28,443.46"
NHS,King's College Hospital NHS Foundation Trust,14/12/2020,Other Transport Costs,Patient Transport,Savoy Ventures Ltd,11054,"29,506.51"
NHS,King's College Hospital NHS Foundation Trust,07/12/2020,EQUIPMENT LEASE,EQUIPMENT LEASE,SIEMENS FINANCIAL   7955539,chaps,"28,716.00"
NHS,King's College Hospital NHS Foundation Trust,23/11/2020,Miscellaneous Expenditure,Default Value,Solarex (GB) Ltd,MAP-KCH-01,"102,635.40"
NHS,King's College Hospital NHS Foundation Trust,04/12/2020,Corporate Human Resources,Corporate Human Resources,St George'S University Hospitals Nhs Foundation Trust,6480884,"90,411.04"
NHS,King's College Hospital NHS Foundation Trust,04/12/2020,Corporate Human Resources,Corporate Human Resources,St George'S University Hospitals Nhs Foundation Trust,6480885,"100,090.28"
NHS,King's College Hospital NHS Foundation Trust,30/11/2020,Postage and Carriage,Post Room,Swiss Post Solutions Ltd,1800007654,"131,488.87"
NHS,King's College Hospital NHS Foundation Trust,30/11/2020,Postage and Carriage,Post Room,Swiss Post Solutions Ltd,1800007655,"44,560.18"
NHS,King's College Hospital NHS Foundation Trust,11/12/2020,Advertising and Staff Recruitment,PRUH  and  South sites operational team,Tmp Uk Ltd,1.00E+11,"240,000.00"
NHS,King's College Hospital NHS Foundation Trust,01/12/2020,Vehicle Leases,Vehicle Leases,Tuskerdirect Ltd,42978,"94,473.12"
NHS,King's College Hospital NHS Foundation Trust,01/11/2020,Vehicle Leases,Vehicle Leases,Tuskerdirect Ltd,42666,"93,915.26"
NHS,King's College Hospital NHS Foundation Trust,25/11/2019,Research And Development,Research And Development,University College London_002,265236,"43,777.75"
NHS,King's College Hospital NHS Foundation Trust,17/09/2020,Salary,Salary,University Of Leicester,2230115511,"71,727.88"
NHS,King's College Hospital NHS Foundation Trust,08/12/2020,Carbon Reduction Commitment,Energy  and  Utilities Denmark Hill,Veolia Energy And Utility Service Uk Pcs,90264361,"85,427.25"
NHS,King's College Hospital NHS Foundation Trust,17/12/2020,Carbon Reduction Commitment,Energy  and  Utilities Denmark Hill,Veolia Energy And Utility Service Uk Pcs,90266603,"58,853.38"
NHS,King's College Hospital NHS Foundation Trust,21/07/2020,Healthcare From Commercial Sector,Pathology JV Contract,Viapath Analytics Llp,91704224,"92,236.79"
NHS,King's College Hospital NHS Foundation Trust,21/07/2020,Healthcare From Commercial Sector,Pathology JV Contract,Viapath Analytics Llp,91704227,"304,112.74"
NHS,King's College Hospital NHS Foundation Trust,03/02/2020,Healthcare From Commercial Sector,Pathology JV Contract,Viapath Analytics Llp,91650742,"153,525.22"
NHS,King's College Hospital NHS Foundation Trust,18/02/2020,Healthcare From Commercial Sector,Pathology JV Contract,Viapath Analytics Llp,91662083,"81,353.08"
NHS,King's College Hospital NHS Foundation Trust,02/03/2020,Healthcare From Commercial Sector,Pathology JV Contract,Viapath Analytics Llp,91671197,"153,525.22"
NHS,King's College Hospital NHS Foundation Trust,06/03/2020,Healthcare From Commercial Sector,Pathology JV Contract,Viapath Analytics Llp,91673531,"76,648.30"
NHS,King's College Hospital NHS Foundation Trust,06/03/2020,Healthcare From Commercial Sector,Pathology JV Contract,Viapath Analytics Llp,91673532,"76,648.30"
NHS,King's College Hospital NHS Foundation Trust,26/03/2020,Healthcare From Commercial Sector,Pathology JV Contract,Viapath Analytics Llp,91678060,"97,709.88"
NHS,King's College Hospital NHS Foundation Trust,01/04/2020,Healthcare From Commercial Sector,Pathology JV Contract,Viapath Analytics Llp,91680774,"153,525.22"
NHS,King's College Hospital NHS Foundation Trust,21/04/2020,Healthcare From Commercial Sector,Pathology JV Contract,Viapath Analytics Llp,91684370,"150,114.87"
NHS,King's College Hospital NHS Foundation Trust,30/06/2020,Healthcare From Commercial Sector,Pathology JV Contract,Viapath Analytics Llp,91699021,"36,115.21"
NHS,King's College Hospital NHS Foundation Trust,25/08/2020,Healthcare From Commercial Sector,Pathology JV Contract,Viapath Analytics Llp,91710570,"153,854.73"
NHS,King's College Hospital NHS Foundation Trust,25/08/2020,Healthcare From Commercial Sector,Pathology JV Contract,Viapath Analytics Llp,91710573,"304,112.74"
NHS,King's College Hospital NHS Foundation Trust,25/08/2020,Healthcare From Commercial Sector,Pathology JV Contract,Viapath Analytics Llp,91710574,"81,336.61"
NHS,King's College Hospital NHS Foundation Trust,01/12/2020,Healthcare From Commercial Sector,Pathology JV Contract,Viapath Analytics Llp,91732101,"545,504.20"
NHS,King's College Hospital NHS Foundation Trust,01/12/2020,Healthcare From Commercial Sector,Pathology JV Contract,Viapath Analytics Llp,91732102,"1,406,747.90"
NHS,King's College Hospital NHS Foundation Trust,01/12/2020,Healthcare From Commercial Sector,Pathology JV Contract,Viapath Services Llp,91732095,"510,814.62"
NHS,King's College Hospital NHS Foundation Trust,01/12/2020,Healthcare From Commercial Sector,Pathology JV Contract,Viapath Services Llp,91732096,"1,631,622.44"
NHS,King's College Hospital NHS Foundation Trust,05/11/2020,Additions - Assets Under Construction,DH - Haven relocation (I25),Vinci Construction Ltd,20110020,"216,461.02"
